1	1.1	περὶ ποιητικῆς αὐτῆς τε καὶ τῶν εἰδῶν αὐτῆς , ἥν τινα δύναμιν ἕκαστον ἔχει , καὶ πῶς δεῖ συνίστασθαι τοὺς μύθους , εἰ μέλλει καλῶς ἕξειν ἡ ποίησις , ἔτι δὲ ἐκ πόσων καὶ ποίων ἐστὶ μορίων , ὁμοίως δὲ καὶ περὶ τῶν ἄλλων ὅσα τῆς αὐτῆς ἐστὶ μεθόδου , λέγωμεν , ἀρξάμενοι κατὰ φύσιν πρῶτον ἀπὸ τῶν πρώτων .
2	1.2	ἐποποιία δὴ καὶ ἡ τῆς τραγῳδίας ποίησις , ἔτι δὲ κωμῳδία καὶ ἡ διθυραμβοποιητικὴ καὶ τῆς αὐλητικῆς ἡ πλείστη καὶ κιθαριστικῆς , πᾶσαι τυγχάνουσιν οὖσαι μιμήσεις τὸ σύνολον .
3	1.3	διαφέρουσι δὲ ἀλλήλων τρισίν ·
4	1.3	ἢ γὰρ τῷ γένει ἑτέροις μιμεῖσθαι , ἢ τῷ ἕτερα , ἢ τῷ ἑτέρως καὶ μὴ τὸν αὐτὸν τρόπον .
5	1.4	ὥσπερ γὰρ καὶ χρώμασι καὶ σχήμασι πολλὰ μιμοῦνταί τινες ἀπεικάζοντες , οἱ μὲν διὰ τέχνης οἱ δὲ διὰ συνηθείας , ἕτεροι δὲ διὰ τῆς φωνῆς , οὕτω κ- ἐν ταῖς εἰρημέναις τέχναις , ἅπασαι μὲν ποιοῦνται τὴν μίμησιν ἐν ῥυθμῷ καὶ λόγῳ καὶ ἁρμονίᾳ , τούτοις δ᾿ ἢ χωρὶς ἢ μεμιγμένοις , οἷον ἁρμονίᾳ μὲν καὶ ῥυθμῷ χρώμεναι μόνον ἥ τε αὐλητικὴ καὶ ἡ κιθαριστική , κἂν εἴ τινες ἕτεραι τυγχάνωσιν οὖσαι τοιαῦται τὴν δύναμιν , οἷον ἡ τῶν συρίγγων .
6	1.6	αὐτῷ δὲ τῷ ῥυθμῷ μιμοῦνται χωρὶς ἁρμονίας οἱ τῶν ὀρχηστῶν ·
7	1.6	καὶ γὰρ οὗτοι διὰ τῶν σχηματιζομένων ῥυθμῶν μιμοῦνται καὶ ἤθη καὶ πάθη καὶ πράξεις .
8	1.7	ἡ δὲ ἐποποιία μόνον τοῖς λόγοις ψιλοῖς ἢ τοῖς μέτροις , καὶ τούτοις εἴτε μιγνῦσα μετ᾿ ἀλλήλων , εἴθ᾿ ἑνί τινι γένει χρωμένη τῶν μέτρων τυγχάνουσα μέχρι τοῦ νῦν .
9	1.8	οὐδὲν γὰρ ἂν ἔχοιμεν ὀνομάσαι κοινὸν τοὺς Σώφρονος καὶ Ξενάρχου μίμους καὶ τοὺς Σωκρατικοὺς λόγους , οὐδὲ εἴ τις διὰ τριμέτρων ἢ ἐλεγείων ἢ τῶν ἄλλων τινῶν τῶν τοιούτων ποιοῖτο τὴν μίμησιν ·
10	1.10	πλὴν οἱ ἄνθρωποί γε συνάπτοντες τῷ μέτρῳ τὸ ποιεῖν ἐλεγειοποιοὺς τοὺς δὲ ἐποποιοὺς ὀνομάζουσιν , οὐχ ὡς τοὺς κατὰ μίμησιν ποιητὰς ἀλλὰ κοινῇ κατὰ τὸ μέτρον προσαγορεύοντες .
11	1.11	καὶ γὰρ ἂν ἰατρικὸν ἢ μουσικόν τι διὰ τῶν μέτρων ἐκφέρωσιν , οὕτω καλεῖν εἰώθασιν .
12	1.11	οὐδὲν δὲ κοινόν ἐστιν Ὁμήρῳ καὶ Ἐμπεδοκλεῖ πλὴν τὸ μέτρον ·
13	1.11	διὸ τὸν μὲν ποιητὴν δίκαιον καλεῖν , τὸν δὲ φυσιολόγου μᾶλλον ἢ ποιητήν .
14	1.12	ὁμοίως δὲ κἂν εἴ τις ἅπαντα τὰ μέτρα μιγνύων ποιοῖτο τὴν μίμησιν , καθάπερ Χαιρήμων ἐποίησε Κένταυρον μικτὴν ῥαψῳδίαν ἐξ ἁπάντων τῶν μέτρων , οὐκ ἤδη καὶ ποιητὴν προσαγορευτέον .
15	1.12	περὶ μὲν οὖν τούτων διωρίσθω τοῦτον τὸν τρόπον .
16	1.13	εἰσὶ δέ τινες οἳ πάσι χρῶνται τοῖς εἰρημένοις , λέγω δὲ οἷον ῥυθμῷ καὶ μέλει καὶ μέτρῳ , ὥσπερ ἥ τε τῶν διθυραμβικῶν ποίησις καὶ ἡ τῶν νόμων καὶ ἥ τε τραγῳδία καὶ ἡ κωμῳδία ·
17	1.13	διαφέρουσι δέ , ὅτι αἱ μὲν ἅμα πᾶσιν αἱ δὲ κατὰ μέρος .
18	1.13	ταύτας μὲν οὖν λέγω τὰς διαφορὰς τῶν τεχνῶν , ἐν οἷς ποιοῦνται τὴν μίμησιν .
19	2.1	ἐπεὶ δὲ μιμοῦνται οἱ μιμούμενοι πράττοντας , ἀνάγκη δὲ τούτους ἢ σπουδαίους ἢ φαύλους εἶναι ( τὰ γὰρ ἤθη σχεδὸν ἀεὶ τούτοις ἀκολουθεῖ μόνοις ·
20	2.1	κακίᾳ γὰρ καὶ ἀρετῇ τὰ ἤθη διαφέρουσι πάντες ) , ἤτοι βελτίονας ἢ καθ᾿ ἡμᾶς ἢ χείρονας ἢ καὶ τοιούτους , ὥσπερ οἱ γραφεῖς ·
21	2.2	Πολύγνωτος μὲν γὰρ κρείττους , Παύσων δὲ χείρους , Διονύσιος δὲ ὁμοίους εἴκαζεν .
22	2.3	δῆλον δὲ ὅτι καὶ τῶν λεχθεισῶν ἑκάστη μιμήσεων ἕξει ταύτας τὰς διαφοράς , καὶ ἔσται ἑτέρα τῷ ἕτερα μιμεῖσθαι τοῦτον τὸν τρόπον .
23	2.4	καὶ γὰρ ἐν ὀρχήσει καὶ αὐλήσει καὶ κιθαρίσει ἔστι γενέσθαι ταύτας τὰς ἀνομοιότητας , καὶ περὶ τοὺς λόγους δὲ καὶ τὴν ψιλομετρίαν , οἷον Ὅμηρος μὲν βελτίους , Κλεοφῶν δὲ ὁμοίους , Ἡγήμων δὲ ὁ Θάσιος ὁ τὰς παρῳδίας ποιήσας πρῶτος καὶ Νικοχάρης ὁ τὴν Δηλιάδα χείρους .
24	2.6	ὁμοίως δὲ καὶ περὶ τοὺς διθυράμβους καὶ περὶ τοὺς νόμους , ὡς Πέρσας καὶ Κύκλωπας Τιμόθεος καὶ Φιλόξενος , μιμήσαιτο ἄν τις .
25	2.7	ἐν αὐτῇ δὲ τῇ διαφορᾷ καὶ ἡ τραγῳδία πρὸς τὴν κωμῳδίαν διέστηκεν ·
26	2.7	ἡ μὲν γὰρ χείρους ἡ δὲ βελτίους μιμεῖσθαι βούλεται τῶν νῦν .
27	3.1	ἔτι δὲ τούτων τρίτη διαφορὰ τὸ ὡς ἕκαστα τούτων μιμήσαιτο ἄν τις .
28	3.2	καὶ γὰρ ἐν τοῖς αὐτοῖς καὶ τὰ αὐτὰ μιμεῖσθαι ἔστιν ὁτὲ μὲν ἀπαγγέλλοντα ἢ ἕτερόν τι γιγνόμενον , ὥσπερ Ὅμηρος ποιεῖ , ἢ ὡς τὸν αὐτὸν καὶ μὴ μεταβάλλοντα , ἢ πάντας ὡς πράττοντας καὶ ἐνεργοῦντας τοὺς μιμουμένους .
29	3.3	ἔν τρισὶ δὴ ταύταις διαφοραῖς ἡ μίμησίς ἐστιν , ὡς εἴπομεν κατ᾿ ἀρχάς , ἐν οἶς τε καὶ ἃ καὶ ὥς .
30	3.4	ὥστε τῇ μὲν ὁ αὐτὸς ἂν εἴη μιμητὴς Ὁμήρῳ Σοφοκλῆς , μιμοῦνται γὰρ ἄμφω σπουδαίους , τῇ δὲ Ἀριστοφάνει ·
31	3.4	πράττοντας γὰρ μιμοῦνται καὶ δρῶντας ἄμφω .
32	3.4	ὅθεν καὶ δράματα καλεῖσθαί τινες αὐτά φασιν , ὅτι μιμοῦνται δρῶντας .
33	3.5	διὸ καὶ ἀντιποιοῦνται τῆς τε τραγῳδίας καὶ τῆς κωμῳδίας οἱ Δωριεῖς , τῆς μὲν κωμῳδίας οἱ Μεγαρεῖς , οἵ τε ἐνταῦθα ὡς ἐπὶ τῆς παρ᾿ αὐτοῖς δημοκρατίας γενομένης , καὶ οἱ ἐκ Σικελίας ( ἐκεῖθεν γὰρ ἦν Ἐπίχαρμος ὁ ποιητής , πολλῷ πρότερος ὢν Χωνίδου καὶ Μάγνητος ) , καὶ τῆς τραγῳδίας ἔνιοι τῶν ἐν Πελοποννήσῳ , ποιούμενοι τὰ ὀνόματα σημεῖον .
34	3.6	οὗτοι μὲν γὰρ κώμας τὰς περιοικίδας καλεῖν φασίν , Ἀθηναῖοι δὲ δήμους , ὡς κωμῳδοὺς οὐκ ἀπὸ τοῦ κωμάζειν λεχθέντας , ἀλλὰ τῇ κατὰ κώμας πλάνῃ ἀτιμαζομένους ἐκ τοῦ ἄστεως ·
35	3.6	καὶ τὸ ποιεῖν αὐτοὶ μὲν δρᾶν , Ἀθηναίους δὲ πράττειν προσαγορεύειν .
36	3.7	περὶ μὲν οὖν τῶν διαφορῶν , καὶ πόσαι καὶ τίνες τῆς μιμήσεως , εἰρήσθω ταῦτα .
37	4.1	ἐοίκασι δὲ γεννῆσαι μὲν ὅλως τὴν ποιητικὴν αἰτίαι δύο τινές , καὶ αὗται φυσικαί .
38	4.2	τό τε γὰρ μιμεῖσθαι σύμφυτον τοῖς ἀνθρώποις ἐκ παίδων ἐστί , καὶ τούτῳ διαφέρουσι τῶν ἄλλων ζῴων ὅτι μιμητικώτατόν ἐστι καὶ τὰς μαθήσεις ποιεῖται διὰ μιμήσεως τὰς πρώτας , καὶ τὸ χαίρειν τοῖς μιμήμασι πάντας .
39	4.3	σημεῖον δὲ τούτου τὸ συμβαῖνον ἐπὶ τῶν ἔργων ·
40	4.3	ἃ γὰρ αὐτὰ λυπηρῶς ὁρῶμεν , τούτων τὰς εἰκόνας τὰς μάλιστα ἠκριβωμένας χαίρομεν θεωροῦντες , οἷον θηρίων τε μορφὰς τῶν ἀτιμοτάτων καὶ νεκρῶν .
41	4.4	αἴτιον δὲ καὶ τούτου , ὅτι μανθάνειν οὐ μόνον τοῖς φιλοσόφοις ἥδιστον ἀλλὰ καὶ τοῖς ἄλλοις ὁμοίως ·
42	4.4	ἀλλ᾿ ἐπὶ βραχὺ κοινωνοῦσιν αὐτοῦ .
43	4.5	διὰ γὰρ τοῦτο χαίρουσι τὰς εἰκόνας ὁρῶντες , ὅτι συμβαίνει θεωροῦντας μανθάνειν καὶ συλλογίζεσθαι τί ἕκαστον , οἷον ὅτι οὗτος ἐκεῖνος , ἐπεὶ ἐὰν μὴ τύχῃ προεωρακώς , οὐ διὰ μίμημα ποιήσει τὴν ἡδονὴν ἀλλὰ διὰ τὴν ἀπεργασίαν ἢ τὴν χροιὰν ἢ διὰ τοιαύτην τινὰ ἄλλην αἰτίαν .
44	4.7	κατὰ φύσιν δὲ ὄντος ἡμῖν τοῦ μιμεῖσθαι καὶ τῆς ἁρμονίας καὶ τοῦ ῥυθμοῦ ( τὰ γὰρ μέτρα ὅτι μόρια τῶν ῥυθμῶν ἐστί , φανερόν ) ἐξ ἀρχῆς οἱ πεφυκότες πρὸς αὐτὰ μάλιστα κατὰ μικρὸν προάγοντες ἐγέννησαν τὴν ποίησιν ἐκ τῶν αὐτοσχεδιασμάτων .
45	4.8	διεσπάσθη δὲ κατὰ τὰ οἰκεῖα ἤθη ἡ ποιήσις ·
46	4.8	οἱ μὲν γὰρ σεμνότεροι τὰς καλὰς ἐμιμοῦντο πράξεις καὶ τὰς τῶν τοιούτων , οἱ δὲ εὐτελέστεροι τὰς τῶν φαύλων , πρῶτον ψόγους ποιοῦντες , ὥσπερ ἕτεροι ὕμνους καὶ ἐγκώμια .
47	4.9	τῶν μὲν οὖν πρὸ Ὁμήρου οὐδενὸς ἔχομεν εἰπεῖν τοιοῦτον ποίημα , εἰκὸς δὲ εἶναι πολλούς ·
48	4.10	ἀπὸ δὲ Ὁμήρου ἀρξαμένοις ἔστιν , οἷον ἐκείνου ὁ Μαργίτης καὶ τὰ τοιαῦτα , ἐν οἷς καὶ τὸ ἁρμόττον ἰαμβεῖον ἦλθε μέτρον .
49	4.10	διὸ καὶ ἰαμβεῖον καλεῖται νῦν , ὅτι ἐν τῷ μέτρῳ τούτῳ ἰάμβιζον ἀλλήλους .
50	4.11	καὶ ἐγένοντο τῶν παλαιῶν οἱ μὲν ἡρωϊκῶν οἱ δὲ ἰάμβων ποιηταί .
51	4.12	ὥσπερ δὲ καὶ τὰ σπουδαῖα μάλιστα ποιητὴς Ὅμηρος ἦν ( μόνος γὰρ οὐχ ὅτι εὖ , ἀλλ᾿ ὅτι καὶ μιμήσεις δραματικὰς ἐποίησεν ) , οὕτω καὶ τὰ τῆς κωμῳδίας σχήματα πρῶτος ὑπέδειξεν , οὐ ψόγον ἀλλὰ τὸ γελοῖον δραματοποιήσας ·
52	4.12	ὁ γὰρ Μαργίτης ἀνάλογον ἔχει , ὥσπερ Ἰλιὰς καὶ Ὀδύσσεια πρὸς τὰς τραγῳδίας , οὕτω καὶ οὗτος πρὸς τὰς κωμῳδίας .
53	4.13	παραφανείσης δὲ τῆς τραγῳδίας καὶ κωμῳδίας οἱ ἐφ᾿ ἑκατέραν τὴν ποίησιν ὁρμῶντες κατὰ τὴν οἰκείαν φύσιν , οἱ μὲν ἀντὶ τῶν ἰάμβων κωμῳδοποιοὶ ἐγένοντο , οἱ δὲ ἀντὶ τῶν ἐπῶν τραγῳδοδιδάσκαλοι , διὰ τὸ μείζω καὶ ἐντιμότερα τὰ σχήματα εἶναι ταῦτα ἐκείνων .
54	4.13	τὸ μὲν οὖν ἐπισκοπεῖν εἰ ἄρα ἔχει ἤδη ἡ τραγῳδία τοῖς εἴδεσιν ἱκανῶς ἢ οὔ , αὐτό τε καθ᾿ αὑτὸ κρινόμενον καὶ πρὸς τὰ θέατρα , ἄλλος λόγος .
55	4.14	γενομένη δ᾿ οὖν ἀπ᾿ ἀρχῆς αὐτοσχεδιαστικὴ καὶ αὐτὴ καὶ ἡ κωμῳδία , καὶ ἡ μὲν ἀπὸ τῶν ἐξαρχόντων τὸν διθύραμβον , ἡ δὲ ἀπὸ τῶν τὰ φαλλικά , ἃ ἔτι καὶ νῦν ἐν πολλαῖς τῶν πόλεων διαμένει νομιζόμενα , κατὰ μικρὸν ηὐξήθη προαγόντων ὅσον ἐγίγνετο φανερὸν αὐτῆς , καὶ πολλὰς μεταβολὰς μεταβαλοῦσα ἡ τραγῳδία ἐπαύσατο , ἐπεὶ ἔσχε τὴν αὑτῆς φύσιν .
56	4.16	καὶ τό τε τῶν ὑποκριτῶν πλῆθος ἐξ ἑνὸς εἰς δύο πρῶτος Αἰσχύλος ἤγαγε , καὶ τὰ τοῦ χοροῦ ἠλάττωσε , καὶ τὸν λόγον πρωταγωνιστὴν παρεσκεύασεν ·
57	4.16	τρεῖς δὲ καὶ σκηνογραφίαν Σοφοκλῆς .
58	4.17	ἔτι δὲ τὸ μέγεθος ἐκ μικρῶν μύθων καὶ λέξεως γελοίας , διὰ τὸ ἐκ σατυρικοῦ μεταβαλεῖν , ὀψὲ ἀπεσεμνύνθη , τό τε μέτρον ἐκ τετραμέτρου ἰαμβεῖον ἐγένετο ·
59	4.18	τὸ μὲν γὰρ πρῶτον τετραμέτρῳ ἐχρῶντο διὰ τὸ σατυρικὴν καὶ ὀρχηστικωτέραν εἶναι τὴν ποίησιν , λέξεως δὲ γενομένης αὐτὴ ἡ φύσις τὸ οἰκεῖον μέτρον εὗρεν ·
60	4.18	μάλιστα γὰρ λεκτικὸν τῶν μέτρων τὸ ἰαμβεῖόν ἐστιν .
61	4.18	σημεῖον δὲ τούτου ·
62	4.19	πλεῖστα γὰρ ἰαμβεῖα λέγομεν ἐν τῇ διαλέκτῳ τῇ πρὸς ἀλλήλους , ἑξάμετρα δὲ ὀλιγάκις καὶ ἐκβαίνοντες τῆς λεκτικῆς ἁρμονίας .
63	4.20	ἔτι δὲ ἐπεισοδίων πλήθη καὶ τὰ ἄλλα ὡς ἕκαστα κοσμηθῆναι λέγεται .
64	4.21	περὶ μὲν οὖν τούτων τοσαῦτα ἔστω ἡμῖν εἰρημένα ·
65	4.21	πολὺ γὰρ ἂν ἴσως ἔργον εἴη διεξιέναι καθ᾿ ἕκαστον .
66	5.1	ἡ δὲ κωμῳδία ἐστίν , ὥσπερ εἴπομεν , μίμησις φαυλοτέρων μέν , οὐ μέντοι κατὰ πᾶσαν κακίαν , ἀλλὰ τοῦ αἰσχροῦ ἐστὶ τὸ γελοῖον μόριον .
67	5.2	τὸ γὰρ γελοῖόν ἐστιν ἁμάρτημά τι καὶ αἶσχος ἀνώδυνον καὶ οὐ φθαρτικόν , οἷον εὐθὺς τὸ γελοῖον πρόσωπον αἰσχρόν τι καὶ διεστραμμένον ἄνευ ὀδύνης .
68	5.3	αἱ μὲν οὖν τῆς τραγῳδίας μεταβάσεις , καὶ δι᾿ ὧν ἐγένοντο , οὐ λελήθασιν , ἡ δὲ κωμῳδία διὰ τὸ μὴ σπουδάζεσθαι ἐξ ἀρχῆς ἔλαθεν ·
69	5.3	καὶ γὰρ χορὸν κωμῳδῶν ὀψέ ποτε ὁ ἄρχων ἔδωκεν , ἀλλ᾿ ἐθελονταὶ ἦσαν .
70	5.4	ἤδη δὲ σχήματά τινα αὐτῆς ἐχούσης οἱ λεγόμενοι αὐτῆς ποιηταὶ μνημονεύονται .
71	5.4	τίς δὲ πρόσωπα ἀπέδωκεν ἢ προλόγους ἢ πλήθη ὑποκριτῶν καὶ ὅσα τοιαῦτα , ἠγνόηται .
72	5.5	τὸ δὲ μύθους ποιεῖν Ἐπίχαρμος καὶ Φόρμις .
73	5.6	τὸ μὲν οὖν ἐξ ἀρχῆς ἐκ Σικελίας ἦλθεν , τῶν δὲ Ἀθήνησιν Κράτης πρῶτος ἦρξεν ἀφέμενος τῆς ἰαμβικῆς ἰδέας καθόλου ποιεῖν λόγους καὶ μύθους .
74	5.7	ἡ μὲν οὖν ἐποποιία τῇ τραγῳδίᾳ μέχρι μόνου μέτρου μετὰ λόγου μίμησις εἶναι σπουδαίων ἠκολούθησεν ·
75	5.7	τῷ δὲ τὸ μέτρον ἁπλοῦν ἔχειν καὶ ἀπαγγελίαν εἶναι , ταύτῃ διαφέρουσιν .
76	5.8	ἔτι δὲ τῷ μήκει ·
77	5.8	ἡ μὲν γὰρ ὅτι μάλιστα πειρᾶται ὑπὸ μίαν περίοδον ἡλίου εἶναι ἢ μικρὸν ἐξαλλάττειν , ἡ δὲ ἐποποιία ἀόριστος τῷ χρόνῳ , καὶ τούτῳ διαφέρει .
78	5.9	καίτοι τὸ πρῶτον ὁμοίως ἐν ταῖς τραγῳδίαις τοῦτο ἐποίουν καὶ ἐν τοῖς ἔπεσιν .
79	5.10	μέρη δ᾿ ἐστὶ τὰ μὲν τ- αὐτά , τὰ δὲ ἴδια τῆς τραγῳδίας .
80	5.10	διόπερ ὅστις περὶ τραγῳδίας οἶδε σπουδαίας καὶ φαύλης , οἶδε καὶ περὶ ἐπῶν ·
81	5.10	ἃ μὲν γὰρ ἐποποιία ἔχει , ὑπάρχει τῇ τραγῳδίᾳ , ἃ δὲ αὐτή , οὐ πάντα ἐν τῇ ἐποποιίᾳ .
82	6.1	περὶ μὲν οὖν τῆς ἐν ἑξαμέτροις μιμητικῆς καὶ περὶ κωμῳδίας ὕστερον ἐροῦμεν , περὶ δὲ τραγῳδίας λέγωμεν , ἀπολαβόντες αὐτῆς ἐκ τῶν εἰρημένων τὸν γινόμενον ὅρον τῆς οὐσίας .
83	6.2	ἔστιν οὖν τραγῳδία μίμησις πράξεως σπουδαίας καὶ τελείας , μέγεθος ἐχούσης , ἡδυσμένῳ λόγῳ , χωρὶς ἑκάστου τῶν εἰδῶν ἐν τοῖς μορίοις , δρώντων καὶ οὐ δι᾿ ἀπαγγελίας , δι᾿ ἐλέου καὶ φόβου περαίνουσα τὴν τῶν τοιούτων παθημάτων κάθαρσιν .
84	6.3	λέγω δὲ ἡδυσμένον μὲν λόγον τὸν ἔχοντα ῥυθμὸν καὶ ἁρμονίαν καὶ μέλος , τὸ δὲ χωρὶς τοῖς εἴδεσι τὸ διὰ μέτρων ἔνια μόνον περαίνεσθαι καὶ πάλιν ἕτερα διὰ μέλους .
85	6.5	ἐπεὶ δὲ πράττοντες ποιοῦνται τὴν μίμησιν , πρῶτον μὲν ἐξ ἀνάγκης ἂν εἴη τι μόριον τραγῳδίας ὁ τῆς ὄψεως κόσμος , εἶτα μελοποιία καὶ λέξις ·
86	6.6	ἐν τούτοις γὰρ ποιοῦνται τὴν μίμησιν .
87	6.6	λέγω δὲ λέξιν μὲν αὐτὴν τὴν τῶν μέτρων σύνθεσιν , μελοποιίαν δὲ ὃ τὴν δύναμιν φανερὰν ἔχει πᾶσαν .
88	6.7	ἐπεὶ δὲ πράξεώς ἐστι μίμησις , πράττεται δὲ ὑπό τινων πραττόντων , οὓς ἀνάγκη ποιούς τινας εἶναι κατά τε τὸ ἦθος καὶ τὴν διάνοιαν ( διὰ γὰρ τούτων καὶ τὰς πράξεις εἶναί φαμεν ποιάς τινας , ) πέφυκεν αἴτια δύο τῶν πράξεων εἶναι , διάνοια καὶ ἦθος , καὶ κατὰ ταύτας καὶ τυγχάνουσι καὶ ἀποτυγχάνουσι πάντες .
89	6.8	ἔστι δὲ τῆς μὲν πράξεως ὁ μῦθος ἡ μίμησις ·
90	6.8	λέγω γὰρ μῦθον τοῦτον τὴν σύνθεσιν τῶν πραγμάτων , τὰ δὲ ἤθη , καθ᾿ ἃ ποιούς τινας εἶναί φαμεν τοὺς πράττοντας , διάνοιαν δέ , ἐν ὅσοις λέγοντες ἀποδεικνύασί τι ἣ καὶ ἀποφαίνονται γνώμην .
91	6.9	ἀνάγκη οὖν πάσης τραγῳδίας μέρη εἶναι ἕξ , καθ᾿ ἃ ποιά τις ἐστὶν ἡ τραγῳδία ·
92	6.9	ταῦτα δ᾿ ἐστὶ μῦθος καὶ ἤθη καὶ λέξις καὶ διάνοια καὶ ὄψις καὶ μελοποιία .
93	6.10	οἷς μὲν γὰρ μιμοῦνται , δύο μέρη ἐστίν , ὡς δὲ μιμοῦνται , ἕν , ἃ δὲ μιμοῦνται , τρία , καὶ παρὰ ταῦτα οὐδέν .
94	6.11	τούτοις μὲν οὖν οὐκ ὀλίγοι αὐτῶν ὡς εἰπεῖν κέχρηνται τοῖς εἴδεσιν ·
95	6.11	καὶ γὰρ ὄψεις ἔχει πᾶν καὶ ἦθος καὶ μῦθον καὶ λέξιν καὶ μέλος καὶ διάνοιαν ὡσαύτως .
96	6.12	μέγιστον δὲ τούτων ἐστὶν ἡ τῶν πραγμάτων σύστασις ·
97	6.12	ἡ γὰρ τραγῳδία μίμησίς ἐστιν οὐκ ἀνθρώπων ἀλλὰ πράξεως καὶ βίου καὶ εὐδαιμονίας καὶ κακοδαιμονίας ·
98	6.12	καὶ γὰρ ἡ εὐδαιμονία ἐν πράξει ἐστί , καὶ τὸ τέλος πρᾶξίς τις ἐστίν , οὐ ποιότης .
99	6.12	εἰσὶ δὲ κατὰ μὲν τὰ ἤθη ποιοί τινες , κατὰ δὲ τὰς πράξεις εὐδαίμονες ἢ τ- ἐναντίον .
100	6.13	οὔκουν ὅπως τὰ ἤθη μιμήσωνται πράττουσιν , ἀλλὰ τὰ ἤθη συμπεριλαμβάνουσι διὰ τὰς πράξεις .
101	6.13	ὥστε τὰ πράγματα καὶ ὁ μῦθος τέλος τῆς τραγῳδίας ·
102	6.13	τὸ δὲ τέλος μέγιστον ἁπάντων .
103	6.14	ἔτι ἄνευ μὲν πράξεως οὐκ ἂν γένοιτο τραγῳδία , ἄνευ δὲ ἠθῶν γένοιτ᾿ ἄν .
104	6.15	αἱ γὰρ τῶν νέων τῶν πλείστων ἀήθεις τραγῳδίαι εἰσί , καὶ ὅλως ποιηταὶ πολλοὶ τοιοῦτοι , οἷον καὶ τῶν γραφέων Ζεῦξις πρὸς Πολύγνωτον πέπονθεν ·
105	6.15	ὁ μὲν γὰρ Πολύγνωτος ἀγαθὸς ἠθογράφος , ἡ δὲ Ζεύξιδος γραφὴ οὐδὲν ἔχει ἦθος .
106	6.16	ἔτι ἐάν τις ἐφεξῆς θῇ ῥήσεις ἠθικὰς καὶ λέξεις καὶ διανοίας εὖ πεποιημένας , οὐ ποιήσει ὃ ἦν τῆς τραγῳδίας ἔργον , ἀλλὰ πολὺ μᾶλλον ἡ καταδεεστέροις τούτοις κεχρημένη τραγῳδία , ἔχουσα δὲ μῦθον καὶ σύστασιν πραγμάτων .
107	6.17	πρὸς δὲ τούτοις τὰ μέγιστα οἷς ψυχαγωγεῖ ἡ τραγῳδία , τοῦ μύθου μέρη ἐστίν , αἵ τε περιπέτειαι καὶ ἀναγνωρίσεις .
108	6.18	ἔτι σημεῖον ὅτι καὶ οἱ ἐγχειροῦντες ποιεῖν πρότερον δύνανται τῇ λέξει καὶ τοῖς ἤθεσιν ἀκριβοῦν ἢ τὰ πράγματα συνίστασθαι , οἷον καὶ οἱ πρῶτοι ποιηταὶ σχεδὸν ἅπαντες .
109	6.19	ἀρχὴ μὲν οὖν καὶ οἷον ψυχὴ ὁ μῦθος τῆς τραγῳδίας , δεύτερον δὲ τὰ ἤθη .
110	6.20	παραπλήσιον γάρ ἐστι καὶ ἐπὶ τῇς γραφικῆς ·
111	6.20	εἰ γάρ τις ἐναλείψειε τοῖς καλλίστοις φαρμάκοις χύδην , οὐκ ἂν ὁμοίως εὐφράνειεν καὶ λευκογραφήσας εἰκόνα .
112	6.21	ἔστι τε μίμησις πράξεως , καὶ διὰ ταύτην μάλιστα τῶν πραττόντων .
113	6.21	τρίτον δὲ ἡ διάνοια .
114	6.22	τοῦτο δ᾿ ἐστὶ τὸ λέγειν δύνασθαι τὰ ἐνόντα καὶ τὰ ἁρμόττοντα , ὅπερ ἐπὶ τῶν λόγων τῆς πολιτικῆς καὶ ῥητορικῆς ἔργον ἐστίν ·
115	6.23	οἱ μὲν γὰρ ἀρχαῖοι πολιτικῶς ἐποίουν λέγοντας , οἱ δὲ νῦν ῥητορικῶς .
116	6.24	ἔστι δὲ ἦθος μὲν τὸ τοιοῦτον ὃ δηλοῖ τὴν προαίρεσιν ὁποία τις ·
117	6.24	διόπερ οὐκ ἔχουσιν ἦθος τῶν λόγων ἐν οἷς μηδ᾿ ὅλως ἔστιν ὅ τι προαιρεῖται ἢ φεύγει ὁ λέγων .
118	6.25	διάνοια δέ , ἐν οἷς ἀποδεικνύουσί τι ὡς ἔστιν ἢ ὡς οὐκ ἔστιν , ἢ καθόλου τι ἀποφαίνονται .
119	6.26	τέταρτον δὲ τῶν μὲν λόγων ἡ λέξις ·
120	6.26	λέγω δέ , ὥσπερ πρότερον εἴρηται , λέξιν εἶναι τὴν διὰ τῆς ὀνομασίας ἑρμηνείαν , ὃ καὶ ἐπὶ τῶν ἐμμέτρων καὶ ἐπὶ τῶν λόγων ἔχει τὴν αὐτὴν δύναμιν .
121	6.27	τῶν δὲ λοιπῶν πέντε ἡ μελοποιία μέγιστον τῶν ἡδυσμάτων .
122	6.28	ἡ δὲ ὄψις ψυχαγωγικὸν μέν , ἀτεχνότατον δὲ καὶ ἥκιστα οἰκεῖον τῆς ποιητικῆς ·
123	6.28	ἡ γὰρ τῆς τραγῳδίας δύναμις καὶ ἄνευ ἀγῶνος καὶ ὑποκριτῶν ἐστίν .
124	6.28	ἔτι δὲ κυριωτέρα περὶ τὴν ἀπεργασίαν τῶν ὄψεων ἡ τοῦ σκευοποιοῦ τέχνη τῆς τῶν ποιητῶν ἐστίν .
125	7.1	διωρισμένων δὲ τούτων , λέγωμεν μετὰ ταῦτα ποίαν τινὰ δεῖ τὴν σύστασιν εἶναι τῶν πραγμάτων , ἐπειδὴ τοῦτο καὶ πρῶτον καὶ μέγιστον τῆς τραγῳδίας ἐστίν .
126	7.2	κεῖται δ᾿ ἡμῖν τὴν τραγῳδίαν τελείας καὶ ὅλης πράξεως εἶναι μίμησιν , ἐχούσης τι μέγεθος ·
127	7.2	ἔστι γὰρ ὅλον καὶ μηδὲν ἔχον μέγεθος .
128	7.3	ὅλον δ᾿ ἐστὶ τὸ ἔχον ἀρχὴν καὶ μέσον καὶ τελευτήν .
129	7.4	ἀρχὴ δ᾿ ἐστὶν ὃ αὐτὸ μὲν μὴ ἐξ ἀνάγκης μετ᾿ ἄλλο ἐστί , μετ᾿ ἐκεῖνο δ᾿ ἕτερον πέφυκεν εἶναι ἢ γίνεσθαι ·
130	7.5	τελευτὴ δὲ τ- ἐναντίον ὃ αὐτὸ μετ᾿ ἄλλο πέφυκεν εἶναι , ἢ ἐξ ἀνάγκης ἢ ὡς ἐπὶ τὸ πολύ , μετὰ δὲ τοῦτο ἄλλο οὐδέν ·
131	7.6	μέσον δὲ ὃ καὶ αὐτὸ μετ᾿ ἄλλο καὶ μετ᾿ ἐκεῖνο ἕτερον .
132	7.7	δεῖ ἄρα τοὺς συνεστῶτας εὖ μύθους μήθ᾿ ὁπόθεν ἔτυχεν ἄρχεσθαι μήθ᾿ ὅπου ἔτυχε τελευτᾶν , ἀλλὰ κεχρῆσθαι ταῖς εἰρημέναις ἰδέαις .
133	7.8	ἔτι δ᾿ ἐπεὶ τὸ καλὸν καὶ ζῷον καὶ ἅπαν πρᾶγμα ὃ συνέστηκεν ἔκ τινων , οὐ μόνον ταῦτα τεταγμένα δεῖ ἔχειν , ἀλλὰ καὶ μέγεθος ὑπάρχειν μὴ τὸ τυχόν ·
134	7.8	τὸ γὰρ καλὸν ἐν μεγέθει καὶ τάξει ἐστί , διὸ οὔτε πάμμικρον ἄν τι γένοιτο καλὸν ζῷον ( συγχεῖται γὰρ ἡ θεωρία ἐγγὺς τοῦ ἀναισθήτου χρόνου γινομένη ) οὔτε παμμέγεθες ·
135	7.9	οὐ γὰρ ἅμα ἡ θεωρία γίνεται , ἀλλ᾿ οἴχεται τοῖς θεωροῦσι τὸ ἓν καὶ τὸ ὅλον ἐκ τῆς θεωρίας , οἷον εἰ μυρίων σταδίων εἴη ζῷον .
136	7.10	ὥστε δεῖ καθάπερ ἐπὶ τῶν σωμάτων καὶ ἐπὶ τῶν ζῴων ἔχειν μὲν μέγεθος , τοῦτο δὲ εὐσύνοπτον εἶναι , οὕτω καὶ ἐπὶ τῶν μύθων ἔχειν μὲν μῆκος , τοῦτο δ᾿ εὐμνημόνευτον εἶναι .
137	7.11	τοῦ δὲ μήκους ὅρος πρὸς μὲν τοὺς ἀγῶνας καὶ τὴν αἴσθησιν οὐ τῆς τέχνης ἐστίν ·
138	7.11	εἰ γὰρ ἔδει ἑκατὸν τραγῳδίας ἀγωνίζεσθαι , πρὸς κλεψύδραν ἂν ἠγωνίζοντο , ὥσπερ ποτὲ καὶ ἄλλοτε φασίν .
139	7.12	ὁ δὲ κατ᾿ αὐτὴν τὴν φύσιν τοῦ πράγματος ὅρος , ἀεὶ μὲν ὁ μείζων μέχρι τοῦ σύνδηλος εἶναι καλλίων ἐστὶ κατὰ τὸ μέγεθος , ὡς δὲ ἁπλῶς διορίσαντας εἰπεῖν , ἐν ὅσῳ μεγέθει κατὰ τὸ εἰκὸς ἢ τὸ ἀναγκαῖον ἐφεξῆς γιγνομένων συμβαίνει εἰς εὐτυχίαν ἐκ δυστυχίας ἢ ἐξ εὐτυχίας εἰς δυστυχίαν μεταβάλλειν , ἱκανὸς ὅρος ἐστὶ τοῦ μεγέθους .
140	8.1	μῦθος δ᾿ ἐστὶν εἷς , οὐχ ὥσπερ τινὲς οἴονται , ἐὰν περὶ ἕνα ᾖ ·
141	8.1	πολλὰ γὰρ καὶ ἄπειρα τῷ γένει συμβαίνει , ἐξ ὧν ἐνίων οὐδέν ἐστιν ἕν .
142	8.1	οὕτω δὲ καὶ πράξεις ἑνὸς πολλαί εἰσιν , ἐξ ὧν μία οὐδεμία γίνεται πρᾶξις .
143	8.2	διὸ πάντες ἐοίκασιν ἁμαρτάνειν , ὅσοι τῶν ποιητῶν Ἡρακληΐδα καὶ θησηΐδα καὶ τὰ τοιαῦτα ποιήματα πεποιήκασιν ·
144	8.2	οἴονται γὰρ ἐπεὶ εἷς ἦν ὁ Ἡρακλῆς , ἕνα καὶ τὸν μῦθον εἶναι προσήκειν .
145	8.3	ὁ δ᾿ Ὅμηρος , ὥσπερ καὶ τὰ ἄλλα διαφέρει , καὶ τοῦτ᾿ ἔοικε καλῶς ἰδεῖν , ἤτοι διὰ τέχνην ἢ διὰ φύσιν ·
146	8.3	Ὀδύσσειαν γὰρ ποιῶν οὐκ ἐποίησεν ἅπαντα ὅσα αὐτῷ συνέβη , οἶον πληγῆναι μὲν ἐν τῷ Παρνασσῷ , μανῆναι δὲ προσποιήσασθαι ἐν τῷ ἀγερμῷ , ὧν οὐδὲν θατέρου γενομένου ἀναγκαῖον ἦν ἢ εἰκὸς θάτερον γενέσθαι , ἀλλὰ περὶ μίαν πρᾶξιν , οἵαν λέγομεν , τὴν Ὀδύσσειαν συνέστησεν , ὁμοίως δὲ καὶ τὴν Ἰλιάδα .
147	8.4	χρὴ οὖν , καθάπερ καὶ ἐν ταῖς ἄλλαις μιμητικαῖς ἡ μία μίμησις ἑνός ἐστιν , οὕτω καὶ τὸν μῦθον , ἐπεὶ πράξεως μίμησίς ἐστι , μιᾶς τε εἶναι καὶ ταύτης ὅλης , καὶ τὰ μέρη συνεστάναι τῶν πραγμάτων οὕτως ὥστε μετατιθεμένου τινὸς μέρους ἢ ἀφαιρουμένου διαφέρεσθαι καὶ κινεῖσθαι τὸ ὅλον ·
148	8.4	ὃ γὰρ προσὸν ἢ μὴ προσὸν μηδὲν ποιεῖ ἐπίδηλον , οὐδὲ μόριον τοῦ ὅλου ἐστίν .
149	9.1	φανερὸν δὲ ἐκ τῶν εἰρημένων καὶ ὅτι οὐ τὸ τὰ γενόμενα λέγειν , τοῦτο ποιητοῦ ἔργον ἐστίν , ἀλλ᾿ οἷα ἂν γένοιτο , καὶ τὰ δυνατὰ κατὰ τὸ εἰκὸς ἢ τὸ ἀναγκαῖον .
150	9.2	ὁ γὰρ ἱστορικὸς καὶ ὁ ποιητὴς οὐ τῷ ἢ ἔμμετρα λέγειν ἢ ἄμετρα διαφέρουσιν ·
151	9.2	εἴη γὰρ ἂν τὰ Ἡροδότου εἰς μέτρα τεθῆναι , καὶ οὐδὲν ἧττον ἂν εἴη ἱστορία τις μετὰ μέτρου ἢ ἄνευ μέτρων ·
152	9.2	ἀλλὰ τούτῳ διαφέρει , τῷ τὸν μὲν τὰ γενόμενα λέγειν , τὸν δὲ οἷα ἂν γένοιτο .
153	9.3	διὸ καὶ φιλοσοφώτερον καὶ σπουδαιότερον ποίησις ἱστορίας ἐστίν ·
154	9.3	ἡ μὲν γὰρ ποίησις μᾶλλον τὰ καθόλου , ἡ δ᾿ ἱστορία τὰ καθ᾿ ἕκαστον λέγει .
155	9.4	ἔστι δὲ καθόλου μέν , τῷ ποίῳ τὰ ποῖ᾿ ἄττα συμβαίνει λέγειν ἢ πράττειν κατὰ τὸ εἰκὸς ἢ τὸ ἀναγκαῖον , οὗ στοχάζεται ἡ ποίησις ὀνόματα ἐπιτιθεμένη ·
156	9.4	τὰ δὲ καθ᾿ ἕκαστον , τί Ἀλκιβιάδης ἔπραξεν ἢ τί ἔπαθεν .
157	9.5	ἐπὶ μὲν οὖν τῆς κωμῳδίας ἤδη τοῦτο δῆλον γέγονεν ·
158	9.5	συστήσαντες γὰρ τὸν μῦθον διὰ τῶν εἰκότων οὕτω τὰ τυχόντα ὀνόματα ἐπιτιθέασι , καὶ οὐχ ὥσπερ οἱ ἰαμβοποιοὶ περὶ τῶν καθ᾿ ἕκαστον ποιοῦσιν .
159	9.6	ἐπὶ δὲ τῆς τραγῳδίας τῶν γενομένων ὀνομάτων ἀντέχονται .
160	9.6	αἴτιον δ᾿ ὅτι πιθανόν ἐστι τὸ δυνατόν ·
161	9.6	τὰ μὲν οὖν μὴ γενόμενα οὔπω πιστεύομεν εἶναι δυνατά , τὰ δὲ γενόμενα φανερὸν ὅτι δυνατά ·
162	9.6	οὐ γὰρ ἂν ἐγένετο , εἰ ἦν ἀδύνατα .
163	9.7	οὐ μὴν ἀλλὰ καὶ ἐν ταῖς τραγῳδίαις ἐνίαις μὲν ἓν ἢ δύο τῶν γνωρίμων ἐστὶν ὀνομάτων , τὰ δὲ ἄλλα πεποιημένα , ἐν ἐνίαις δὲ οὐθέν , οἷον ἐν τῷ Ἀγάθωνος ἄνθει ·
164	9.7	ὁμοίως γὰρ ἐν τούτῳ τά τε πράγματα καὶ τὰ ὀνόματα πεποίηται , καὶ οὐδὲν ἧττον εὐφραίνει .
165	9.8	ὥστ᾿ οὐ πάντως εἶναι ζητητέον τῶν παραδεδομένων μύθων , περὶ οὓς αἱ τραγῳδίαι εἰσίν , ἀντέχεσθαι .
166	9.8	καὶ γὰρ γελοῖον τοῦτο ζητεῖν , ἐπεὶ καὶ τὰ γνώριμα ὀλίγοις γνώριμά ἐστιν , ἀλλ᾿ ὅμως εὐφραίνει πάντας .
167	9.9	δῆλον οὖν ἐκ τούτων ὅτι τὸν ποιητὴν μᾶλλον τῶν μύθων εἶναι δεῖ ποιητὴν ἢ τῶν μέτρων , ὅσῳ ποιητὴς κατὰ τὴν μίμησίν ἐστι , μιμεῖται δὲ τὰς πράξεις .
168	9.10	κἂν ἄρα συμβῇ γενόμενα ποιεῖν , οὐθὲν ἧττον ποιητής ἐστιν ·
169	9.10	τῶν γὰρ γενομένων ἔνια οὐδὲν κωλύει τοιαῦτα εἶναι οἷα ἂν εἰκὸς γενέσθαι καὶ δυνατὰ γενέσθαι , καθ᾿ ὃ ἐκεῖνος αὐτῶν ποιητής ἐστιν .
170	9.11	τῶν δὲ ἁπλῶν μύθων καὶ πράξεων αἱ ἐπεισοδιώδεις εἰσὶ χείρισται .
171	9.11	λέγω δ᾿ ἐπεισοδιώδη μῦθον , ἐν ᾧ τὰ ἐπεισόδια μετ᾿ ἄλληλα οὔτ᾿ εἰκὸς οὔτ᾿ ἀνάγκη εἶναι .
172	9.11	τοιαῦται δὲ ποιοῦνται ὑπὸ μὲν τῶν φαύλων ποιητῶν δι᾿ αὐτούς , ὑπὸ δὲ τῶν ἀγαθῶν διὰ τοὺς ὑποκριτάς ·
173	9.11	ἀγωνίσματα γὰρ ποιοῦντες , καὶ παρὰ τὴν δύναμιν παρατείναντες μῦθον , πολλάκις διαστρέφειν ἀναγκάζονται τὸ ἐφεξῆς .
174	9.11	ἐπεὶ δὲ οὐ μόνον τελείας ἐστὶ πράξεως ἡ μίμησις ἀλλὰ καὶ φοβερῶν καὶ ἐλεεινῶν , ταῦτα δὲ γίνεται καὶ μάλιστα , καὶ μᾶλλον ὅταν γένηται παρὰ τὴν δόξαν , δι᾿ ἄλληλα ·
175	9.12	τὸ γὰρ θαυμαστὸν οὕτως ἕξει μᾶλλον ἢ εἰ ἀπὸ τοῦ αὐτομάτου καὶ τῆς τύχης , ἐπεὶ καὶ τῶν ἀπὸ τύχης ταῦτα θαυμασιώτατα δοκεῖ , ὅσα ὥσπερ ἐπίτηδες φαίνεται γεγονέναι , οἷον ὡς ὁ ἀνδριὰς ὁ τοῦ Μίτυος ἐν Ἄργει ἀπέκτεινε τὸν αἴτιον τοῦ θανάτου τῷ Μίτυϊ , θεωροῦντι ἐμπεσών ·
176	9.12	ἔοικε γὰρ τὰ τοιαῦτα οὐκ εἰκῇ γενέσθαι , ὥστε ἀνάγκη τοὺς τοιούτους εἶναι καλλίους μύθους .
177	10.1	εἰσὶ δὲ τῶν μύθων οἱ μὲν ἁπλοῖ οἱ δὲ πεπλεγμένοι ·
178	10.1	καὶ γὰρ αἱ πράξεις , ὧν μιμήσεις οἱ μῦθοί εἰσιν , ὑπάρχουσιν εὐθὺς οὖσαι τοιαῦται .
179	10.2	λέγω δὲ ἁπλῆν μὲν πρᾶξιν , ἧς γινομένης , ὥσπερ ὥρισται , συνεχοῦς καὶ μιᾶς ἄνευ περιπετείας ἢ ἀναγνωρισμοῦ ἡ μετάβασις γίνεται , πεπλεγμένην δέ , ἐξ ἧς μετ᾿ ἀναγνωρισμοῦ ἢ περιπετείας ἢ ἀμφοῖν ἡ μετάβασίς ἐστιν .
180	10.4	ταῦτα δὲ δεῖ γίνεσθαι ἐξ αὐτῆς τῆς συστάσεως τοῦ μύθου , ὥστε ἐκ τῶν προγεγενημένων συμβαίνειν ἢ ἐξ ἀνάγκης ἢ κατὰ τὸ εἰκὸς γίνεσθαι ταῦτα ·
181	10.4	διαφέρει γὰρ πολὺ τὸ γίνεσθαι τάδε διὰ τάδε ἢ μετὰ τάδε .
182	11.1	ἔστι δὲ περιπέτεια μὲν ἡ εἰς τὸ ἐναντίον τῶν πραττομένων μεταβολή , καθάπερ εἴρηται ·
183	11.1	καὶ τοῦτο δέ , ὥσπερ λέγομεν , κατὰ τὸ εἰκὸς ἢ ἀναγκαῖον , ὥσπερ ἐν τῷ Οἰδίποδι ἐλθὼν ὡς εὐφρανῶν τὸν Οἰδίπουν καὶ ἀπαλλάξων τοῦ πρὸς τὴν μητέρα φόβου , δηλώσας ὃς ἦν , τ- ἐναντίον ἐποίησεν .
184	11.3	καὶ ἐν τῷ Λυγκεῖ ὁ μὲν ἀγόμενος ὡς ἀποθανούμενος , ὁ δὲ Δαναὸς ἀκολουθῶν ὡς ἀποκτενῶν ·
185	11.3	τὸν μὲν συνέβη ἐκ τῶν πεπραγμένων ἀποθανεῖν , τὸν δὲ σωθῆναι .
186	11.4	ἀναγνώρισις δ᾿ ἐστίν , ὥσπερ καὶ τ- ὄνομα σημαίνει , ἐξ ἀγνοίας εἰς γνῶσιν μεταβολὴ ἢ εἰς φιλίαν ἢ ἔχθραν τῶν πρὸς εὐτυχίαν ἢ δυστυχίαν ὡρισμένων .
187	11.5	καλλίστη δὲ ἀναγνώρισις , ὅταν ἅμα περιπέτειαι γίνωνται , οἷον ἔχει ἡ ἐν τῷ Οἰδίποδι .
188	11.6	εἰσὶ μὲν οὗν καὶ ἄλλαι ἀναγνωρίσεις ·
189	11.6	καὶ γὰρ πρὸς ἄψυχα καὶ τὰ τυχόντα ἔστιν ὅτε , ὥσπερ εἴρηται , συμβαίνει , καὶ εἰ πέπραγέ τις ἢ μὴ πέπραγεν , ἔστιν ἀναγωρίσαι ·
190	11.7	ἀλλ᾿ ἡ μάλιστα τοῦ μύθου καὶ ἡ μάλιστα τῆς πράξεως ἡ εἰρημένη ἐστίν .
191	11.7	ἡ γὰρ τοιαύτη ἀναγνώρισις καὶ περιπέτεια ἢ ἔλεον ἕξει ἢ φόβον , οἵων πράξεων ἡ τραγῳδία μίμησις ὑπόκειται .
192	11.7	ἔτι δὲ καὶ τὸ ἀτυχεῖν καὶ τὸ εὐτυχεῖν ἐπὶ τῶν τοιούτων συμβήσεται .
193	11.8	ἐπεὶ δ᾿ ἡ ἀναγνώρισις τινῶν ἐστὶν ἀναγνώρισις , αἱ μὲν θατέρου πρὸς τὸν ἕτερον μόνον , ὅταν ᾖ δῆλος ἕτερος τίς ἐστιν , ὁτὲ δ᾿ ἀμφοτέρους δεῖ ἀναγνωρίσαι , οἷον ἡ μὲν Ἰφιγένεια τῷ Ὀρέστῃ ἀνεγνωρίσθη ἐκ τῆς πέμψεως τῆς ἐπιστολῆς , ἐκείνῳ δὲ πρὸς τὴν Ἰφιγένειαν ἄλλης ἔδει ἀναγνωρίσεως .
194	11.9	δύο μὲν οὖν τοῦ μύθου μέρη περὶ ταῦτ᾿ ἐστί , περιπέτεια καὶ ἀναγνώρισις , τρίτον δὲ πάθος .
195	11.9	τούτων δὲ περιπέτεια μὲν καὶ ἀναγνώρισις εἴρηται , πάθος δ᾿ ἐστὶ πρᾶξις φθαρτικὴ ἢ ὀδυνηρά , οἷον οἵ τε ἐν τῷ φανερῷ θάνατοι καὶ αἱ περιωδυνίαι καὶ τρώσεις καὶ ὅσα τοιαῦτα .
196	12.1	μέρη δὲ τραγῳδίας , οἷς μὲν ὡς εἴδεσι δεῖ χρῆσθαι , πρότερον εἴπομεν ·
197	12.1	κατὰ δὲ τὸ ποσόν , καὶ εἰς ἃ διαιρεῖται κεχωρισμένα , τάδε ἐστί , πρόλογος ἐπεισόδιον ἔξοδος χορικόν , καὶ τοῦτου τὸ μὲν πάροδος τὸ δὲ στάσιμον , κοινὰ μὲν ἁπάντων ταῦτα , ἴδια δὲ τὰ ἀπὸ τῆς σκηνῆς καὶ κόμμοι .
198	12.4	ἔστι δὲ πρόλογος μὲν μέρος ὅλον τραγῳδίας τὸ πρὸ χοροῦ παρόδου , ἐπεισόδιον δὲ μέρος ὅλον τραγῳδίας τὸ μεταξὺ ὅλων χορικῶν μελῶν , ἔξοδος δὲ μέρος ὅλον τραγῳδίας μεθ᾿ ὃ οὐκ ἔστι χοροῦ μέλος , χορικοῦ δὲ πάροδος μὲν ἡ πρώτη λέξις ὅλου χοροῦ , στάσιμον δὲ μέλος χοροῦ τὸ ἄνευ ἀναπαίστου καὶ τροχαίου , κόμμος δὲ θρῆνος κοινὸς χοροῦ καὶ ἀπὸ σκηνῆς .
199	12.9	μέρη δὲ τραγῳδίας , οἷς μὲν δεῖ χρῆσθαι , πρότερον εἴπαμεν , κατὰ δὲ τὸ ποσὸν καὶ εἰς ἃ διαιρεῖται κεχωρισμένα , ταῦτ᾿ ἐστίν .
200	13.1	ὧν δὲ δεῖ στοχάζεσθαι καὶ ἃ δεῖ εὐλαβεῖσθαι συνιστάντας τοὺς μύθους , καὶ πόθεν ἔσται τὸ τῆς τραγῳδίας ἔργον , ἐφεξῆς ἂν εἴη λεκτέον τοῖς νῦν εἰρημένοις .
201	13.2	ἐπειδὴ οὖν δεῖ τὴν σύνθεσιν εἶναι τῆς καλλίστης τραγῳδίας μὴ ἁπλῆν ἀλλὰ πεπλεγμένην , καὶ ταύτην φοβερῶν καὶ ἐλεεινῶν εἶναι μιμητικήν ( τοῦτο γὰρ ἴδιον τῆς τοιαύτης μιμήσεώς ἐστιν ) , πρῶτον μὲν δῆλον ὅτι οὔτε τοὺς ἐπιεικεῖς ἄνδρας δεῖ μεταβάλλοντας φαίνεσθαι ἐξ εὐτυχίας εἰς δυστυχίαν ( οὐ γὰρ φοβερὸν οὐδὲ ἐλεεινὸν τοῦτο , ἀλλὰ μιαρόν ἐστιν ) οὔτε τοὺς μοχθηροὺς ἐξ ἀτυχίας εἰς εὐτυχίαν ( ἀτραγῳδότατον γὰρ τοῦτ᾿ ἐστὶ πάντων ·
202	13.3	οὐδὲν γὰρ ἔχει ὧν δεῖ ·
203	13.3	οὔτε γὰρ φιλάνθρωπον οὔτε ἐλεεινὸν οὔτε φοβερόν ἐστιν ) , οὐδ᾿ αὖ τὸν σφόδρα πονηρὸν ἐξ εὐτυχίας εἰς δυστυχίαν μεταπίπτειν .
204	13.4	τὸ μὲν γὰρ φιλάνθρωπον ἔχοι ἂν ἡ τοιαύτη σύστασις , ἀλλ᾿ οὔτε ἔλεον οὔτε φόβον ·
205	13.4	ὁ μὲν γὰρ περὶ τὸν ἀνάξιόν ἐστι δυστυχοῦντα , ὁ δὲ περὶ τὸν ὅμοιον , ἔλεος μὲν περὶ τὸν ἀνάξιον , φόβος δὲ περὶ τὸν ὅμοιον , ὥστε οὔτε ἐλεεινὸν οὔτε φοβερὸν ἔσται τὸ συμβαῖνον .
206	13.5	ὁ μεταξὺ ἄρα τούτων λοιπός .
207	13.5	ἔστι δὲ τοιοῦτος ὁ μήτε ἀρετῇ διαφέρων καὶ δικαιοσύνῃ , μήτε διὰ κακίαν καὶ μοχθηρίαν μεταβάλλων εἰς τὴν δυστυχίαν ἀλλὰ δι᾿ ἁμαρτίαν τινά , τῶν ἐν μεγάλῃ δόξῃ ὄντων καὶ εὐτυχίᾳ , οἷον Οἰδίπους καὶ Θυέστης καὶ οἱ ἐκ τῶν τοιούτων γενῶν ἐπιφανεῖς ἄνδρες .
208	13.6	ἀνάγκη ἄρα τὸν καλῶς ἔχοντα μῦθον ἁπλοῦν εἶναι μᾶλλον ἢ διπλοῦν , ὥσπερ τινές φασιν , καὶ μεταβάλλειν οὐκ εἰς εὐτυχίαν ἐκ δυστυχίας ἀλλὰ τ- ἐναντίον ἐξ εὐτυχίας εἰς δυστυχίαν , μὴ διὰ μοχθηρίαν ἀλλὰ δι᾿ ἁμαρτίαν μεγάλην , ἢ οἵου εἴρηται , ἢ βελτίονος μᾶλλον ἢ χείρονος .
209	13.7	σημεῖον δὲ καὶ τὸ γιγνόμενον ·
210	13.7	πρὸ τοῦ μὲν γὰρ οἱ ποιηταὶ τοὺς τυχόντας μύθους ἀπηρίθμουν , νῦν δὲ περὶ ὀλίγας οἰκίας αἱ κάλλισται τραγῳδίαι συντίθενται , οἷον περὶ Ἀλκμαίωνα καὶ Οἰδίπουν καὶ Ὀρέστην καὶ Μελέαγρον καὶ Θυέστην καὶ Τήλεφον , καὶ ὅσοις ἄλλοις συμβέβηκεν ἢ παθεῖν δεινὰ ἢ ποιῆσαι .
211	13.8	ἡ μὲν οὖν κατὰ τὴν τέχνην καλλίστη τραγῳδία ἐκ ταύτης τῆς συστάσεώς ἐστιν .
212	13.9	διὸ καὶ οἱ Εὐριπίδῃ ἐγκαλοῦντες τὸ αὐτὸ ἁμαρτάνουσιν , ὅτι τοῦτο δρᾷ ἐν ταῖς τραγῳδίαις καὶ πολλαὶ αὐτοῦ εἰς δυστυχίαν τελευτῶσιν .
213	13.9	τοῦτο γάρ ἐστιν , ὥσπερ εἴρηται , ὀρθόν .
214	13.10	σημεῖον δὲ μέγιστον ·
215	13.10	ἐπὶ γὰρ τῶν σκηνῶν καὶ τῶν ἀγώνων τραγικώταται αἱ τοιαῦται φαίνονται , ἂν κατορθωθῶσιν , καὶ ὁ Εὐριπίδης , εἰ καὶ τὰ ἄλλα μὴ εὖ οἰκονομεῖ , ἀλλὰ τραγικώτατός γε τῶν ποιητῶν φαίνεται .
216	13.11	δευτέρα δ᾿ ἡ πρώτη λεγομένη ὑπό τινων ἐστὶ σύστασις , ἡ διπλῆν τε τὴν σύστασιν ἔχουσα , καθάπερ ἡ Ὀδύσσεια , καὶ τελευτῶσα ἐξ ἐναντίας τοῖς βελτίοσι καὶ χείροσιν .
217	13.12	δοκεῖ δὲ εἶναι πρώτη διὰ τὴν τῶν θεάτρων ἀσθένειαν ·
218	13.12	ἀκολουθοῦσι γὰρ οἱ ποιηταὶ κατ᾿ εὐχὴν ποιοῦντες τοῖς θεαταῖς .
219	13.13	ἔστι δὲ οὐχ αὕτη ἀπὸ τραγῳδίας ἡδονή , ἀλλὰ μᾶλλον τῆς κωμῳδίας οἰκεία ·
220	13.13	ἐκεῖ γάρ , ἂν οἱ ἔχθιστοι ὦσιν ἐν τῷ μύθῳ , οἷον Ὀρέστης καὶ Αἴγισθος , φίλοι γενόμενοι ἐπὶ τελευτῆς ἐξέρχονται , καὶ ἀποθνήσκει οὐδεὶς ὑπ᾿ οὐδενός .
221	14.1	ἔστι μὲν οὖν τὸ φοβερὸν καὶ ἐλεεινὸν ἐκ τῆς ὄψεως γίνεσθαι , ἔστι δὲ καὶ ἐξ αὐτῆς τῆς συστάσεως τῶν πραγμάτων , ὅπερ ἐστὶ πρότερον καὶ ποιητοῦ ἀμείνονος .
222	14.2	δεῖ γὰρ καὶ ἄνευ τοῦ ὁρᾶν οὕτω συνεστάναι τὸν μῦθον ὥστε τὸν ἀκούοντα τὰ πράγματα γινόμενα καὶ φρίττειν καὶ ἐλεεῖν ἐκ τῶν συμβαινόντων ·
223	14.2	ἅπερ ἂν πάθοι τις ἀκούων τὸν τοῦ Οἰδίποδος μῦθον .
224	14.3	τὸ δὲ διὰ τῆς ὄψεως τοῦτο παρασκευάζειν ἀτεχνότερον καὶ χορηγίας δεόμενόν ἐστιν .
225	14.4	οἱ δὲ μὴ τὸ φοβερὸν διὰ τῆς ὄψεως ἀλλὰ τὸ τερατῶδες μόνον παρασκευάζοντες οὐδὲν τραγῳδίᾳ κοινωνοῦσιν ·
226	14.4	οὐ γὰρ πᾶσαν δεῖ ζητεῖν ἡδονὴν ἀπὸ τραγῳδίας , ἀλλὰ τὴν οἰκείαν .
227	14.5	ἐπεὶ δὲ τὴν ἀπὸ ἐλέου καὶ φόβου διὰ μιμήσεως δεῖ ἡδονὴν παρασκευάζειν τὸν ποιητήν , φανερὸν ὡς τοῦτο ἐν τοῖς πράγμασιν ἐμποιητέον .
228	14.6	ποῖα οὖν δεινὰ ἢ ποῖα οἰκτρὰ φαίνεται τῶν συμπιπτόντων , λάβωμεν .
229	14.6	ἀνάγκη δὲ ἢ φίλων εἶναι πρὸς ἀλλήλους τὰς τοιαύτας πράξεις ἢ ἐχθρῶν ἢ μηδετέρων .
230	14.7	ἂν μὲν οὖν ἐχθρὸς ἐχθρὸν ἀποκτείνῃ , οὐδὲν ἐλεεινὸν οὔτε ποιῶν οὔτε μέλλων δείκνυσι , πλὴν κατ᾿ αὐτὸ τὸ πάθος ·
231	14.8	οὐδ᾿ ἂν μηδετέρως ἔχοντες .
232	14.9	ὅταν δ᾿ ἐν ταῖς φιλίαις ἐγγένηται τὰ πάθη , οἷον εἰ ἀδελφὸς ἀδελφὸν ἢ υἱὸς πατέρα ἢ μήτηρ υἱὸν ἢ υἱὸς μητέρα ἀποκτείνει ἢ μέλλει ἤ τι ἄλλο τοιοῦτον δρᾷ , ταῦτα ζητητέον .
233	14.10	τοὺς μὲν οὖν παρειλημμένους μύθους λύειν οὐκ ἔστιν , λέγω δὲ οἷον τὴν Κλυταιμνήστραν ἀποθανοῦσαν ὑπὸ τοῦ Ὀρέστου καὶ τὴν Ἐριφύλην ὑπὸ τοῦ Ἀλκμαίωνος ·
234	14.11	αὐτὸν δὲ εὑρίσκειν δεῖ , καὶ τοῖς παραδεδομένοις χρῆσθαι καλῶς .
235	14.11	τὸ δὲ καλῶς τί λέγομεν , εἴπωμεν σαφέστερον .
236	14.12	ἔστι μὲν γὰρ οὕτω γίνεσθαι τὴν πρᾶξιν ὥσπερ οἱ παλαιοὶ ἐποίουν , εἰδότας καὶ γινώσκοντας , καθάπερ καὶ Εὐριπίδης ἐποίησεν ἀποκτείνουσαν τοὺς παῖδας τὴν Μήδειαν ·
237	14.13	ἔστι δὲ πρᾶξαι μέν , ἀγνοοῦντας δὲ πρᾶξαι τὸ δεινόν , εἶθ᾿ ὕστερον ἀναγνωρίσαι τὴν φιλίαν , ὥσπερ ὁ Σοφοκλέους Οἰδίπους .
238	14.13	τοῦτο μὲν οὖν ἔξω τοῦ δράματος , ἐν δ᾿ αὐτῇ τῇ τραγῳδίᾳ , οἷος ὁ Ἀλκμαίων ὁ Ἀστυδάμαντος ἢ ὁ Τηλέγονος ὁ ἐν τῷ τραυματίᾳ Ὀδυσσεῖ .
239	14.14	ἔτι δὲ τρίτον παρὰ ταῦτα τὸν μέλλοντα ποιεῖν τι τῶν ἀνηκέστων δι᾿ ἄγνοιαν ἀναγνωρίσαι πρὶν ποιῆσαι .
240	14.15	καὶ παρὰ ταῦτα οὐκ ἔστιν ἄλλως ·
241	14.15	ἢ γὰρ πρᾶξαι ἀνάγκη ἢ μή , καὶ εἰδότας ἢ μὴ εἰδότας .
242	14.16	τούτων δὲ τὸ μὲν γινώσκοντα μελλῆσαι καὶ μὴ πρᾶξαι χείριστον ·
243	14.16	τό τε γὰρ μιαρὸν ἔχει , καὶ οὐ τραγικόν ·
244	14.16	ἀπαθὲς γάρ .
245	14.16	διόπερ οὐδεὶς ποιεῖ ὁμοίως , εἰ μὴ ὀλιγάκις , οἷος ἐν Ἀντιγόνῃ τὸν Κρέοντα ὁ Αἵμων .
246	14.17	τὸ δὲ πρᾶξαι δεύτερον .
247	14.18	βέλτιον δὲ τὸ ἀγνοοῦντα μὲν πρᾶξαι , πράξαντα δὲ ἀναγνωρίσαι ·
248	14.18	τό τε γὰρ μιαρὸν οὐ πρόσεστι , καὶ ἡ ἀναγνώρισις ἐκπληκτικόν .
249	14.19	κράτιστον δὲ τὸ τελευταῖον , λέγω δὲ οἷον ἐν τῷ Κρεσφόντῃ ἡ Μερόπη μέλλει τὸν υἱὸν ἀποκτείνειν , ἀποκτείνει δὲ οὒ ἀλλ᾿ ἀνεγνώρισεν , καὶ ἐν τῇ Ἰφιγενείᾳ ἡ ἀδελφὴ τὸν ἀδελφόν , καὶ ἐν τῇ Ἕλλῃ ὁ υἱὸς τὴν μητέρα ἐκδιδόναι μέλλων ἀνεγνώρισεν .
250	14.20	διὰ γὰρ τοῦτο , ὅπερ πάλαι εἴρηται , οὐ περὶ πολλὰ γένη αἱ τραγῳδίαι εἰσίν .
251	14.20	ζητοῦντες γὰρ οὐκ ἀπὸ τέχνης ἀλλ᾿ ἀπὸ τύχης εὗρον τὸ τοιοῦτον παρασκευάζειν ἐν τοῖς μύθοις ·
252	14.20	ἀναγκάζονται οὖν ἐπὶ ταύτας τὰς οἰκίας ἀπαντᾶν , ὅσαις τὰ τοιαῦτα συμβέβηκε πάθη .
253	14.21	περὶ μὲν οὖν τῆς τῶν πραγμάτων συστάσεως , καὶ ποίους τινὰς εἶναι δεῖ τοὺς μύθους , εἴρηται ἱκανῶς .
254	15.1	περὶ δὲ τὰ ἤθη τέτταρά ἐστιν ὧν δεῖ στοχάζεσθαι , ἓν μὲν καὶ πρῶτον , ὅπως χρηστὰ ᾖ .
255	15.2	ἕξει δὲ ἦθος μέν , ἐὰν ὥσπερ ἐλέχθη ποιῇ φανερὰν ὁ λόγος ἢ ἡ πρᾶξις προαίρεσίν .
256	15.2	τινα , φαῦλον μὲν ἐὰν φαύλην , χρηστὸν δ᾿ ἐὰν χρηστήν .
257	15.3	ἔστι δὲ ἐν ἑκάστῳ γένει ·
258	15.3	καὶ γὰρ γυνή ἐστι χρηστὴ καὶ δοῦλος ·
259	15.3	καίτοι γε ἴσως τούτων τὸ μὲν χεῖρον , τὸ δὲ ὅλως φαῦλόν ἐστιν .
260	15.4	δεύτερον δὲ τὰ ἁρμόττοντα ·
261	15.4	ἔστι γὰρ ἀνδρεῖον μὲν τὸ ἦθος , ἀλλ᾿ οὐχ ἁρμόττον γυναικὶ τὸ ἀνδρείαν ἢ δεινὴν εἶναι .
262	15.5	τρίτον δὲ τὸ ὅμοιον ·
263	15.5	τοῦτο γὰρ ἕτερον τοῦ χρηστὸν τὸ ἦθος καὶ ἁρμόττον ποιῆσαι , ὥσπερ εἴρηται .
264	15.6	τέταρτον δὲ τὸ ὁμαλόν ·
265	15.6	κἂν γὰρ ἀνώμαλός τις ᾖ ὁ τὴν μίμησιν παρέχων καὶ τοιοῦτον ἦθος ὑποτιθείς , ὅμως ὁμαλῶς ἀνώμαλον δεῖ εἶναι .
266	15.7	ἔστι δὲ παράδειγμα πονηρίας μὲν ἤθους μὴ ἀναγκαῖον οἷον ὁ Μενέλαος ὁ ἐν τῷ Ὀρέστῃ , τοῦ δὲ ἀπρεποῦς καὶ μὴ ἁρμόττοντος ὅ τε θρῆνος Ὀδυσσέως ἐν τῇ Σκύλλῃ καὶ ἡ τῆς Μελανίππης ῥῆσις , τοῦ δὲ ἀνωμάλου ἡ ἐν Αὐλίδι Ἰφιγένεια ·
267	15.9	οὐδὲν γὰρ ἔοικεν ἡ ἱκετεύουσα τῇ ὑστέρᾳ .
268	15.10	χρὴ δὲ καὶ ἐν τοῖς ἤθεσιν , ὥσπερ καὶ ἐν τῇ τῶν πραγμάτων συστάσει , ἀεὶ ζητεῖν ἢ τὸ ἀναγκαῖον ἢ τὸ εἰκός , ὥστε τὸν τοιοῦτον τὰ τοιαῦτα λέγειν ἢ πράττειν ἢ ἀναγκαῖον ἢ εἰκός , καὶ τοῦτο μετὰ τοῦτο γίνεσθαι ἢ ἀναγκαῖον ἢ εἰκός .
269	15.10	φανερὸν οὖν ὅτι καὶ τὰς λύσεις τῶν μύθων ἐξ αὐτοῦ δεῖ τοῦ μύθου συμβαίνειν , καὶ μὴ ὥσπερ ἐν τῇ Μηδείᾳ ἀπὸ μηχανῆς καὶ ἐν τῇ Ἰλιάδι τὰ περὶ τὸν ἀπόπλουν ·
270	15.10	ἀλλὰ μηχανῇ χρηστέον ἐπὶ τὰ ἔξω τοῦ δράματος ἢ ὅσα πρὸ τοῦ γέγονεν , ἃ οὐχ οἷόν τε ἄνθρωπον εἰδέναι , ἢ ὅσα ὕστερον , ἃ δεῖται προαγορεύσεως καὶ ἀγγελίας ·
271	15.10	ἅπαντα γὰρ ἀποδίδομεν τοῖς θεοῖς ὁρᾶν .
272	15.10	ἄλογον δὲ μηδὲν εἶναι ἐν τοῖς πράγμασιν , εἰ δὲ μή , ἔξω τῆς τραγῳδίας , οἷον τὰ ἐν τῷ Οἰδίποδι τῷ Σοφοκλέους .
273	15.11	ἐπεὶ δὲ μίμησίς ἐστιν ἡ τραγῳδία βελτιόνων , ἡμᾶς δεῖ μιμεῖσθαι τοὺς ἀγαθοὺς εἰκονογράφους ·
274	15.11	καὶ γὰρ ἐκεῖνοι ἀποδιδόντες τὴν ἰδίαν μορφήν , ὁμοίους ποιοῦντες , καλλίους γράφουσιν .
275	15.11	οὕτω καὶ τὸν ποιητὴν μιμούμενον καὶ ὀργίλους καὶ ῥᾳθύμους καὶ τ- ἄλλα τὰ τοιαῦτα ἔχοντας ἐπὶ τῶν ἠθῶν , ἐπιεικείας ποιεῖν παράδειγμα ἢ σκληρότητος δεῖ , οἷον τὸν Ἀχιλλέα Ἀγάθων καὶ Ὅμηρος .
276	15.12	ταῦτα δὴ δεῖ διατηρεῖν , καὶ πρὸς τούτοις τὰ παρὰ τὰς ἐξ ἀνάγκης ἀκολουθούσας αἰσθήσεις τῇ ποιητικῇ ·
277	15.12	καὶ γὰρ κατ᾿ αὐτὰς ἔστιν ἁμαρτάνειν πολλάκις .
278	15.12	εἴρηται δὲ περὶ αὐτῶν ἐν τοῖς ἐκδεδομένοις λόγοις ἱκανῶς .
279	16.1	ἀναγνώρισις δὲ τί μέν ἐστιν , εἴρηται πρότερον ·
280	16.1	εἴδη δὲ ἀναγνωρίσεως , πρώτη μὲν ἡ ἀτεχνοτάτη , καὶ ᾗ πλεῖστοι χρῶνται δι᾿ ἀπορίαν , ἡ διὰ τῶν σημείων .
281	16.2	τούτων δὲ τὰ μὲν σύμφυτα , οἷον ἢ ἀστέρας οἵους ἐν τῷ Θυέστῃ Καρκίνος , τὰ δὲ ἐπίκτητα , καὶ τούτων τὰ μὲν ἐν τῷ σώματι , οἷον οὐλαί , τὰ δὲ ἐκτός , τὰ περιδέραια , καὶ οἷον ἐν τῇ Τυροῖ διὰ τῆς σκάφης .
282	16.4	ἔστι δὲ καὶ τούτοις χρῆσθαι ἢ βέλτιον ἢ χεῖρον , οἷον Ὀδυσσεὺς διὰ τῆς οὐλῆς ἄλλως ἀνεγνωρίσθη ὑπὸ τῆς τροφοῦ καὶ ἄλλως ὑπὸ τῶν συβοτῶν ·
283	16.5	εἰσὶ γὰρ αἱ μὲν πίστεως ἕνεκα ἀτεχνότεραι , καὶ αἱ τοιαῦται πᾶσαι , αἱ δὲ ἐκ περιπετείας , ὥσπερ ἡ ἐν τοῖς Νίπτροις , βελτίους .
284	16.6	δεύτεραι δὲ αἱ πεποιημέναι ὑπὸ τοῦ ποιητοῦ , διὸ ἄτεχνοι ·
285	16.6	οἷον Ὀρέστης ἐν τῇ Ἰφιγενείᾳ ἀνεγνώρισε τὴν ἀδελφήν , ἀναγνωρισθεὶς ὑπ᾿ ἐκείνης ·
286	16.6	ἐκείνη μὲν γὰρ διὰ τῆς ἐπιστολῆς , ἐκεῖνος δὲ διὰ σημείων .
287	16.7	ταῦτα οὖν αὐτὸς λέγει ἃ βούλεται ὁ ποιητής , ἀλλ᾿ οὐχ ὁ μῦθος .
288	16.7	διὸ ἐγγὺς τῆς εἰρημένης ἁμαρτίας ἐστίν ·
289	16.7	ἐξῆν γὰρ ἂν ἔνια καὶ ἐνεγκεῖν .
290	16.7	καὶ ἐν τῷ Σοφοκλέους Τηρεῖ ἡ τῆς κερκίδος φωνή .
291	16.8	τρίτη δὲ ἡ διὰ μνήμης , τῷ αἰσθέσθαι τι ἰδόντα , ὥσπερ ἡ ἐν Κυπρίοις τοῖς Δικαιογένους , ἰδὼν γὰρ τὴν γραφὴν ἔκλαυσεν , καὶ ἡ ἐν Ἀλκίνου ἀπολόγῳ , ἀκούων γὰρ τοῦ κιθαριστοῦ καὶ μνησθεὶς ἐδάκρυσεν ·
292	16.8	ὅθεν ἀνεγνωρίσθησαν .
293	16.9	τετάρτη δὲ ἡ ἐκ συλλογισμοῦ , οἷον ἐν Χοηφόροις , ὅτι ὅμοιός τις ἐλήλυθεν , ὅμοιος δὲ οὐθεὶς ἀλλ᾿ ἢ Ὀρέστης ·
294	16.9	οὗτος ἄρα ἐλήλυθεν .
295	16.9	καὶ ἡ Πολυείδου τοῦ σοφιστοῦ περὶ τῆς Ἰφιγενείας ·
296	16.9	εἰκὸς γὰρ τὸν Ὀρέστην συλλογίσασθαι ὅτι ἥ τ᾿ ἀδελφὴ ἐτύθη καὶ αὐτῷ συμβαίνει θύεσθαι .
297	16.9	καὶ ἡ ἐν τῷ τοῦ θεοδέκτου Τυδεῖ , ὅτι ἐλθὼν ὡς εὑρήσων υἱὸν αὐτὸς ἀπόλλυται .
298	16.9	καὶ ἡ ἐν τοῖς Φινείδαις ·
299	16.9	ἰδοῦσαι γὰρ τὸν τόπον συνελογίσαντο τὴν εἱμαρμένην , ὅτι ἐν τούτῳ εἵμαρτο ἀποθανεῖν αὐταῖς ·
300	16.9	καὶ γὰρ ἐξετέθησαν ἐνταῦθα .
301	16.10	ἔστι δέ τις καὶ συνθετὴ ἐκ παραλογισμοῦ τοῦ θεάτρου , οἷον ἐν τῷ Ὀδυσσεῖ τῷ ψευδαγγέλῳ ·
302	16.10	τὸ μὲν γὰρ τόξον ἔφη γνώσεσθαι ὃ οὐχ ἑωράκει , ὁ δέ , ὡς δι᾿ ἐκείνου ἀναγνωριοῦντος , διὰ τούτου ἐποίησε παραλογισμόν .
303	16.11	πασῶν δὲ βελτίστη ἀναγνώρισις ἡ ἐξ αὐτῶν τῶν πραγμάτων , τῆς ἐκπλήξεως γιγνομένης δι᾿ εἰκότων , οἷον ἡ ἐν τῷ Σοφοκλέους Οἰδίποδι καὶ τῇ Ἰφιγενείᾳ ·
304	16.11	εἰκὸς γὰρ βούλεσθαι ἐπιθεῖναι γράμματα .
305	16.11	αἱ γὰρ τοιαῦται μόναι ἄνευ τῶν πεποιημένων σημείων καὶ περιδεραίων .
306	16.12	δεύτεραι δὲ αἱ ἐκ συλλογισμοῦ .
307	17.1	δεῖ δὲ τοὺς μύθους συνιστάναι καὶ τῇ λέξει συναπεργάζεσθαι ὅτι μάλιστα πρὸ ὀμμάτων τιθέμενον ·
308	17.1	οὕτω γὰρ ἂν ἐναργέστατα ὁρῶν , ὥσπερ παρ᾿ αὐτοῖς γιγνόμενος τοῖς πραττομένοις , εὑρίσκοι τὸ πρέπον , καὶ ἥκιστ᾿ ἂν λανθάνοιτο τὰ ὑπεναντία .
309	17.2	σημεῖον δὲ τούτου ὃ ἐπετιμᾶτο Καρκίνῳ ·
310	17.2	ὁ γὰρ Ἀμφιάραος ἐξ ἱεροῦ ἀνῄει , ὃ μὴ ὁρῶντα τὸν θεατὴν ἐλάνθανεν , ἐπὶ δὲ τῆς σκηνῆς ἐξέπεσε , δυσχερανάντων τοῦτο τῶν θεατῶν .
311	17.3	ὅσα δὲ δυνατόν , καὶ τοῖς σχήμασι συναπεργαζόμενον .
312	17.3	πιθανώτατοι γὰρ ἀπὸ τῆς αὐτῆς φύσεως οἱ ἐν τοῖς πάθεσίν εἰσι , καὶ χειμαίνει ὁ χειμαζόμενος καὶ χαλεπαίνει ὁ ὀργιζόμενος ἀληθινώτατα .
313	17.4	διὸ εὐφυοῦς ἡ ποιητική ἐστιν ἢ μανικοῦ ·
314	17.4	τούτων γὰρ οἱ μὲν εὔπλαστοι οἱ δὲ ἐξεταστικοί εἰσιν .
315	17.5	τούς τε λόγους τοὺς πεποιημένους δεῖ καὶ αὐτὸν ποιοῦντα ἐκτίθεσθαι καθόλου , εἶθ᾿ οὕτως ἐπεισοδιοῦν καὶ παρατείνειν .
316	17.6	λέγω δὲ οὕτως ἂν θεωρεῖσθαι τὸ καθόλου , οἷον τῆς Ἰφιγενείας .
317	17.6	τυθείσης τινὸς κόρης καὶ ἀφανισθείσης ἀδήλως τοῖς θύσασιν , ἱδρυνθείσης δὲ εἰς ἄλλην χώραν , ἐν ᾗ νόμος ἦν τοὺς ξένους θύειν τῇ θεῷ , ταύτην ἔσχε τὴν ἱερωσύνην .
318	17.6	χρόνῳ δ᾿ ὕστερον τῷ ἀδελφῷ συνέβη ἐλθεῖν τῆς ἱερείας .
319	17.6	τὸ δὲ ὅτι ἀνεῖλεν ὁ θεὸς διά τιν᾿ αἰτίαν ἔξω τοῦ καθόλου ἐλθεῖν ἐκεῖ , καὶ ἐφ᾿ ὅ τι δέ , ἔξω τοῦ μύθου .
320	17.6	ἐλθὼν δὲ καὶ ληφθεὶς θύεσθαι μέλλων ἀνεγνώρισεν , εἴθ᾿ ὡς Εὐριπίδης εἴθ᾿ ὡς Πολύειδος ἐποίησεν , κατὰ τὸ εἰκὸς εἰπὼν ὅτι οὐκ ἄρα μόνον τὴν ἀδελφὴν ἀλλὰ καὶ αὐτὸν ἔδει τυθῆναι ·
321	17.6	καὶ ἐντεῦθεν ἡ σωτηρία .
322	17.7	μετὰ ταῦτα δὲ ἤδη ὑποθέντα τὰ ὀνόματα ἐπεισοδιοῦν , ὅπως δὲ ἔσται οἰκεῖα τὰ ἐπεισόδια σκοπεῖν , οἷον ἐν τῷ Ὀρέστῃ ἡ μανία δι᾿ ἧς ἐλήφθη , καὶ ἡ σωτηρία διὰ τῆς καθάρσεως .
323	17.9	ἐν μὲν οὖν τοῖς δράμασι τὰ ἐπεισόδια σύντομα , ἡ δ᾿ ἐποποιία τούτοις μηκύνεται .
324	17.10	τῆς γὰρ Ὀδυσσείας μακρὸς ὁ λόγος ἐστίν , ἀποδημοῦντός τινος ἔτη πολλὰ καὶ παραφυλαττομένου ὑπὸ τοῦ Ποσειδῶνος καὶ μόνου ὄντος , ἔτι δὲ τῶν οἴκοι οὕτως ἐχόντων ὥστε τὰ χρήματα ὑπὸ μνηστήρων ἀναλίσκεσθαι καὶ τὸν υἱὸν ἐπιβουλεύεσθαι ·
325	17.10	αὐτὸς δὲ ἀφικνεῖται χειμασθείς , καὶ ἀναγνωρίσας τινὰς αὐτοῖς ἐπιθέμενος αὐτὸς μὲν ἐσώθη , τοὺς δ᾿ ἐχθροὺς διέφθειρεν .
326	17.11	τὸ μὲν οὖν ἴδιον τοῦτο , τὰ δ᾿ ἄλλα ἐπεισόδια .
327	18.1	ἔστι δὲ πάσης τραγῳδίας τὸ μὲν δέσις τὸ δὲ λύσις , τὰ μὲν ἔξωθεν καὶ ἔνια τῶν ἔσωθεν πολλάκις ἡ δέσις , τὸ δὲ λοιπὸν ἡ λύσις .
328	18.2	λέγω δὲ δέσιν μὲν εἶναι τὴν ἀπ᾿ ἀρχῆς μέχρι τούτου τοῦ μέρους ὃ ἔσχατόν ἐστιν , ἐξ οὗ μεταβαίνει εἰς εὐτυχίαν , λύσιν δὲ τὴν ἀπὸ τῆς ἀρχῆς τῆς μεταβάσεως μέχρι τέλους , ὥσπερ ἐν τῷ Λυγκεῖ τῷ Θεοδέκτου δέσις μὲν τά τε προπεπραγμένα καὶ ἡ τοῦ παιδίου λῆψις , λύσις δ᾿ ἡ ἀπὸ τῆς αἰτιάσεως τοῦ θανάτου μέχρι τοῦ τέλους .
329	18.4	τραγῳδίας δὲ εἴδη εἰσὶ τέσσαρα ·
330	18.4	τοσαῦτα γὰρ καὶ τὰ μέρη ἐλέχθη .
331	18.5	ἡ μὲν πεπλεγμένη , ἧς τὸ ὅλον ἐστὶ περιπέτεια καὶ ἀναγνώρισις ·
332	18.6	ἡ δὲ παθητική , οἷον οἵ τε Αἴαντες καὶ οἱ Ἰξίονες ·
333	18.7	ἡ δὲ ἠθική , οἷον αἱ Φθιώτιδες καὶ ὁ Πηλεύς ·
334	18.8	τὸ δὲ τέταρτον , οἷον αἵ τε Φορκίδες καὶ Προμηθεὺς καὶ ὅσα ἐν ᾅδου .
335	18.9	μάλιστα μὲν οὖν ἅπαντα δεῖ πειρᾶσθαι ἔχειν , εἰ δὲ μή , τὰ μέγιστα καὶ πλεῖστα , ἄλλως τε καὶ ὡς νῦν συκοφαντοῦσι τοὺς ποιητάς ·
336	18.9	γεγονότων γὰρ καθ᾿ ἕκαστον μέρος ἀγαθῶν ποιητῶν , ἕκαστον τοῦ ἰδίου ἀγαθοῦ ἀξιοῦσι τὸν ἕνα ὑπερβάλλειν .
337	18.10	δίκαιον δὲ καὶ τραγῳδίαν ἄλλην καὶ τὴν αὐτὴν λέγειν οὐδὲν ἴσως τῷ μύθῳ .
338	18.10	τοῦτο δέ , ὧν ἡ αὐτὴ πλοκὴ καὶ λύσις .
339	18.11	πολλοὶ δὲ πλέξαντες εὖ λύουσι κακῶς ·
340	18.12	δεῖ δὲ ἄμφω ἀεὶ κροτεῖσθαι .
341	18.13	χρὴ δέ , ὅπερ εἴρηται πολλάκις , μεμνῆσθαι καὶ μὴ ποιεῖν ἐποποιικὸν σύστημα τραγῳδίαν .
342	18.13	ἐποποιικὸν δὲ λέγω τὸ πολύμυθον , οἷον εἴ τις τὸν τῆς Ἰλιάδος ὅλον ποιοῖ μῦθον .
343	18.14	ἐκεῖ μὲν γὰρ διὰ τὸ μῆκος λαμβάνει τὰ μέρη τὸ πρέπον μέγεθος , ἐν δὲ τοῖς δράμασι πολὺ παρὰ τὴν ὑπόληψιν ἀποβαίνει .
344	18.15	σημεῖον δέ , ὅσοι πέρσιν Ἰλίου ὅλην ἐποίησαν καὶ μὴ κατὰ μέρος , ὥσπερ Εὐριπίδης Νιόβην , καὶ μὴ ὥσπερ Αἰσχύλος , ἢ ἐκπίπτουσιν ἢ κακῶς ἀγωνίζονται , ἐπεὶ καὶ Ἀγάθων ἐξέπεσεν ἐν τούτῳ μόνῳ .
345	18.16	ἐν δὲ ταῖς περιπετείαις καὶ ἐν τοῖς ἁπλοῖς πράγμασι στοχάζονται ὧν βούλονται θαυμαστῶς ·
346	18.16	τραγικὸν γὰρ τοῦτο καὶ φιλάνθρωπον .
347	18.17	ἔστι δὲ τοῦτο , ὅταν ὁ σοφὸς μὲν μετὰ πονηρίας δὲ ἐξαπατηθῇ , ὥσπερ Σίσυφος , καὶ ὁ ἀνδρεῖος μὲν ἄδικος δὲ ἡττηθῇ .
348	18.18	ἔστι δὲ τοῦτο εἰκός , ὥσπερ Ἀγάθων λέγει ·
349	18.18	εἰκὸς γὰρ γίνεσθαι πολλὰ καὶ παρὰ τὸ εἰκός .
350	18.19	καὶ τὸν χορὸν δὲ ἕνα δεῖ ὑπολαβεῖν τῶν ὑποκριτῶν , καὶ μόριον εἶναι τοῦ ὅλου , καὶ συναγωνίζεσθαι μὴ ὥσπερ παρ᾿ Εὐριπίδῃ ἀλλ᾿ ὥσπερ παρὰ Σοφοκλεῖ .
351	18.20	τοῖς δὲ λοιποῖς τὰ διδόμενα μᾶλλον τοῦ μύθου ἢ ἄλλης τραγῳδίας ἐστίν ·
352	18.20	διὸ ἐμβόλιμα ᾄδουσιν , πρώτου ἄρξαντος Ἀγάθωνος τοῦ τοιούτου .
353	18.20	καίτοι τί διαφέρει ἢ ἐμβόλιμα ᾄδειν ἢ ῥῆσιν ἐξ ἄλλου εἰς ἄλλο ἁρμόττειν ἢ ἐπεισόδιον ὅλον ;
354	19.1	περὶ μὲν οὖν τῶν ἄλλων ἤδη εἴρηται , λοιπὸν δὲ περὶ λέξεως ἢ διανοίας εἰπεῖν .
355	19.2	τὰ μὲν οὖν περὶ τὴν διάνοιαν ἐν τοῖς περὶ ῥητορικῆς κείσθω ·
356	19.2	τοῦτο γὰρ ἴδιον μᾶλλον ἐκείνης τῆς μεθόδου .
357	19.3	ἔστι δὲ κατὰ τὴν διάνοιαν ταῦτα , ὅσα ὑπὸ τοῦ λόγου δεῖ παρασκευασθῆναι .
358	19.4	μέρη δὲ τούτων τό τε ἀποδεικνύναι καὶ τὸ λύειν καὶ τὸ πάθη παρασκευάζειν , οἷον ἔλεον ἢ φόβον ἢ ὀργὴν καὶ ὅσα τοιαῦτα , καὶ ἔτι μέγεθος καὶ μικρότητα .
359	19.5	δῆλον δὲ ὅτι καὶ ἐν τοῖς πράγμασιν ἀπὸ τῶν αὐτῶν ἰδεῶν δεῖ χρῆσθαι , ὅταν ἢ ἐλεεινὰ ἢ δεινὰ ἢ μέγαλα ἢ εἰκότα δέῃ παρασκευάζειν .
360	19.6	πλὴν τοσοῦτον διαφέρει , ὅτι τὰ μὲν δεῖ φαίνεσθαι ἄνευ διδασκαλίας , τὰ δὲ ἐν τῷ λόγῳ ὑπὸ τοῦ λέγοντος παρασκευάζεσθαι καὶ παρὰ τὸν λόγον γίγνεσθαι .
361	19.6	τί γὰρ ἂν εἴη τοῦ λέγοντος ἔργον , εἰ φανοῖτο ἡδέα καὶ μὴ διὰ τὸν λόγον ;
362	19.7	τῶν δὲ περὶ τὴν λέξιν ἓν μέν ἐστιν εἶδος θεωρίας τὰ σχήματα τῆς λέξεως , ἅ ἐστιν εἰδέναι τῆς ὑποκριτικῆς καὶ τοῦ τὴν τοιαύτην ἔχοντος ἀρχιτεκτονικήν , οἷον τί ἐντολὴ καὶ τί εὐχὴ καὶ διήγησις καὶ ἀπειλὴ καὶ ἐρώτησις καὶ ἀπόκρισις , καὶ εἴ τι ἄλλο τοιοῦτον .
363	19.8	παρὰ γὰρ τὴν τούτων γνῶσιν ἢ ἄγνοιαν οὐδὲν εἰς τὴν ποιητικὴν ἐπιτίμημα φέρεται , ὅ τι καὶ ἄξιον σπουδῆς .
364	19.8	τί γὰρ ἄν τις ὑπολάβοι ἡμαρτῆσθαι ἃ Πρωταγόρας ἐπιτιμᾷ , Ὅτι εὔχεσθαι οἰόμενος ἐπιτάττει εἰπὼν Τὸ γὰρ κελεῦσαι , φησί , ποιεῖν τι ἢ μὴ ἐπίταξίς ἐστιν .
365	19.9	διὸ παρείσθω ὡς ἄλλης καὶ οὐ τῆς ποιητικῆς ὂν θεώρημα .
366	20.1	τῆς δὲ λέξεως ἁπάσης τάδ᾿ ἐστὶ τὰ μέρη , στοιχεῖον , συλλαβή , σύνδεσμος , ὄνομα , ῥῆμα , ἄρθρον , πτῶσις , λόγος .
367	20.2	στοιχεῖον μὲν οὖν ἐστὶ φωνὴ ἀδιαίρετος , οὐ πᾶσα δέ , ἀλλ᾿ ἐξ ἧς πέφυκε συνετὴ γίνεσθαι φωνή ·
368	20.2	καὶ γὰρ τῶν θηρίων εἰσὶν ἀδιαίρετοι φωναί , ὦν οὐδεμίαν λέγω στοιχεῖον .
369	20.3	ταύτης δὲ μέρη τό τε φωνῆεν καὶ τὸ ἡμίφωνον καὶ ἄφωνον .
370	20.3	ἔστι δὲ φωνῆεν μὲν ἄνευ προσβολῆς ἔχον φωνὴν ἀκουστήν , οἷον τὸ Α καὶ τὸ Ω , ἡμίφωνον δὲ τὸ μετὰ προσβολῆς ἔχον φωνὴν ἀκουστήν , οἷον τὸ Σ καὶ τὸ Ρ , ἄφωνον δὲ τὸ μετὰ προσβολῆς καθ᾿ αὑτὸ μὲν οὐδεμίαν ἔχον φωνήν , μετὰ δὲ τῶν ἐχόντων τινὰ φωνὴν γινόμενον ἀκουστόν , οἷον τὸ Γ καὶ τὸ Δ .
371	20.4	ταῦτα δὲ διαφέρει σχήμασί τε τοῦ στόματος καὶ τόποις καὶ δασύτητι καὶ ψιλότητι καὶ μήκει καὶ βραχύτητι , ἔτι δὲ ὀξύτητι καὶ βαρύτητι καὶ τῷ μέσῳ ·
372	20.4	περὶ ὦν καθ᾿ ἕκαστον ἐν τοῖς μετρικοῖς προσήκει θεωρεῖν .
373	20.5	συλλαβὴ δ᾿ ἐστὶ φωνὴ ἄσημος , συνθετὴ ἐξ ἀφώνου καὶ φωνὴν ἔχοντος ·
374	20.5	καὶ γὰρ τὸ ΓΡ ἄνευ τοῦ Α συλλαβή , καὶ μετὰ τοῦ Α , οἷον τὸ ΓΡΑ .
375	20.5	ἀλλὰ καὶ τούτων θεωρῆσαι τὰς διαφορὰς τῆς μετρικῆς ἐστίν .
376	20.6	σύνδεσμος δ᾿ ἐστὶ φωνὴ ἄσημος , ἣ οὔτε κωλύει οὔτε ποιεῖ φωνὴν μίαν σημαντικήν , ἐκ πλειόνων φωνῶν πεφυκυῖαν συντίθεσθαι , καὶ ἐπὶ τῶν ἄκρων καὶ ἐπὶ τοῦ μέσου , ἢν μὴ ἁρμόττῃ ἐν ἀρχῇ λόγου τιθέναι καθ᾿ αὑτόν , οἷον μέν , ἤτοι , δή .
377	20.6	ἢ φωνὴ ἄσημος ἐκ πλειόνων μὲν φωνῶν μιᾶς , σημαντικῶν δέ , ποιεῖν πεφυκυῖα μίαν σημαντικὴν φωνήν .
378	20.7	ἄρθρον δ᾿ ἐστὶ φωνὴ ἄσημος , ἣ λόγου ἀρχὴν ἢ τέλος ἢ διορισμὸν δηλοῖ , οἷον τὸ φημί καὶ τὸ περί καὶ τὰ ἄλλα .
379	20.7	ἢ φωνὴ ἄσημος , ἣ οὔτε κωλύει οὔτε ποιεῖ φωνὴν μίαν σημαντικὴν ἐκ πλειόνων φωνῶν , πεφυκυῖα τίθεσθαι καὶ ἐπὶ τῶν ἄκρων καὶ ἐπὶ τοῦ μέσου .
380	20.8	ὄνομα δ᾿ ἐστὶ φωνὴ συνθετή , σημαντικὴ ἄνευ χρόνου , ἧς μέρος οὐδέν ἐστι καθ᾿ αὑτὸ σημαντικόν ·
381	20.8	ἐν γὰρ τοῖς διπλοῖς οὐ χρώμεθα , ὡς καὶ αὐτὸ καθ᾿ αὑτὸ σημαῖνον , οἷον ἐν τῷ Θεοδώρῳ τὸ δῶρον οὐ σημαίνει .
382	20.9	ῥῆμα δὲ φωνὴ συνθετή , σημαντικὴ μετὰ χρόνου , ἧς οὐδὲν μέρος σημαίνει καθ᾿ αὑτό , ὥσπερ καὶ ἐπὶ τῶν ὀνομάτων ·
383	20.9	τὸ μὲν γὰρ ἄνθρωπος ἢ λευκὸν οὐ σημαίνει τὸ πότε , τὸ δὲ βαδίζει ἢ βεβάδικε προσσημαίνει τὸ μὲν τὸν παρόντα χρόνον τὸ δὲ τὸν παρεληλυθότα .
384	20.10	πτῶσις δ᾿ ἐστὶν ὀνόματος ἢ ῥήματος ἡ μὲν τὸ κατὰ τούτου ἢ τούτῳ σημαίνουσα καὶ ὅσα τοιαῦτα , ἡ δὲ τὸ κατὰ τὸ ἑνὶ ἢ πολλοῖς , οἷον ἄνθρωποι ἢ ἄνθρωπος , ἡ δὲ κατὰ τὰ ὑποκριτικά , οἷον κατ᾿ ἐρώτησιν ἢ ἐπίταξιν ·
385	20.10	τὸ γὰρ ἐβάδισεν ἢ βάδιζε πτῶσις ῥήματος κατὰ ταῦτα τὰ εἴδη ἐστίν .
386	20.11	λόγος δὲ φωνὴ συνθετὴ σημαντική , ἧς ἔνια μέρη καθ᾿ αὑτὰ σημαίνει τι ·
387	20.12	οὐ γὰρ ἅπας λόγος ἐκ ῥημάτων καὶ ὀνομάτων σύγκειται , οἷον ὁ τοῦ ἀνθρώπου ὁρισμός , ἀλλ᾿ ἐνδέχεται ἄνευ ῥημάτων εἶναι λόγον .
388	20.12	μέρος μέντοι ἀεί τι σημαῖνον ἕξει , οἷον ἐν τῷ βαδίζει Κλέων ὁ Κλέων .
389	20.13	εἷς δ᾿ ἐστὶ λόγος διχῶς ·
390	20.13	ἢ γὰρ ὁ ἓν σημαίνων , ἢ ὁ ἐκ πλειόνων συνδέσμων , οἷον ἡ Ἰλιὰς μὲν συνδέσμῳ εἷς , ὁ δὲ τοῦ ἀνθρώπου τῷ ἓν σημαίνειν .
391	21.1	ὀνόματος δὲ εἴδη τὸ μὲν ἁπλοῦν ( ἁπλοῦν δὲ λέγω ὃ μὴ ἐκ σημαινόντων σύγκειται , οἷον γῆ ) τὸ δὲ διπλοῦν ·
392	21.2	τούτου δὲ τὸ μὲν ἐκ σημαίνοντος καὶ ἀσήμου , τὸ δὲ ἐκ σημαινόντων σύγκειται .
393	21.3	εἴη δ᾿ ἂν καὶ τριπλοῦν καὶ τετραπλοῦν καὶ πολλαπλοῦν ὄνομα , οἷον τὰ πολλὰ τῶν Μεγαλιωτῶν Ἑρμοκαϊκόξανθος .
394	21.4	ἅπαν δὲ ὄνομά ἐστιν ἢ κύριον ἢ γλῶττα ἢ μεταφορὰ ἢ κόσμος ἢ πεποιημένον ἢ ἐπεκτεταμένον ἢ ὑφῃρημένον ἢ ἐξηλλαγμένον .
395	21.5	λέγω δὲ κύριον μὲν ᾧ χρῶνται ἕκαστοι , γλῶτταν δὲ ᾧ ἕτεροι , ὥστε φανερὸν ὅτι καὶ γλῶτταν καὶ κύριον εἶναι δυνατὸν τὸ αὐτό , μὴ τοῖς αὐτοῖς δέ ·
396	21.6	τὸ γὰρ σίγυνον Κυπρίοις μὲν κύριον , ἡμῖν δὲ γλῶττα .
397	21.7	μεταφορὰ δ᾿ ἐστὶν ὀνόματος ἀλλοτρίου ἐπιφορὰ ἢ ἀπὸ τοῦ γένους ἐπὶ εἶδος , ἢ ἀπὸ τοῦ εἴδους ἐπὶ γένος , ἢ ἀπὸ τοῦ εἴδους ἐπὶ εἶδος , ἢ κατὰ τὸ ἀνάλογον .
398	21.8	λέγω δὲ ἀπὸ γένους μὲν ἐπὶ εἶδος , οἷον τὸ γὰρ ὁρμεῖν ἐστὶν ἑστάναι τι .
399	21.9	ἀπ᾿ εἴδους δὲ ἐπὶ γένος ·
400	21.9	τὸ γὰρ μυρίον πολύ ἐστιν , ᾧ νῦν ἀντὶ τοῦ πολλοῦ κέχρηται .
401	21.10	ἀπ᾿ εἴδους δὲ ἐπὶ εἶδος , οἷον καὶ &quot; τεμὼν ἀτειρέϊ χαλκῷ ·
402	21.10	&quot; ἐνταῦθα γὰρ τὸ μὲν ἀρύσαι ταμεῖν , τὸ δὲ ταμεῖν ἀρύσαι εἴρηκεν ·
403	21.10	ἄμφω γὰρ ἀφελεῖν τι ἐστίν .
404	21.11	τὸ δὲ ἀνάλογον λέγω , ὅταν ὁμοίως ἔχῃ τὸ δεύτερον πρὸς τὸ πρῶτον καὶ τὸ τέταρτον πρὸς τὸ τρίτον ·
405	21.11	ἐρεῖ γὰρ ἀντὶ τοῦ δευτέρου τὸ τέταρτον ἢ ἀντὶ τοῦ τετάρτου τὸ δεύτερον .
406	21.12	καὶ ἐνίοτε προστιθέασιν ἀνθ᾿ οὗ λέγει πρὸς ὅ ἐστιν .
407	21.12	λέγω δὲ οἷον ὁμοίως ἔχει φιάλη πρὸς Διόνυσον καὶ ἀσπὶς πρὸς Ἄρην ·
408	21.12	ἐρεῖ τοίνυν τὴν φιάλην ἀσπίδα Διονύσου καὶ τὴν ἀσπίδα φιάλην Ἄρεως .
409	21.13	ἢ ὃ γῆρας πρὸς βίον , καὶ ἑσπέρα πρὸς ἡμέραν ·
410	21.13	ἐρεῖ τοίνυν τὴν ἑσπέραν γῆρας ἡμέρας καὶ τὸ γῆρας ἑσπέραν βίου ἢ ὥσπερ Ἐμπεδοκλῆς δυσμὰς βίου .
411	21.14	ἐνίοις δ᾿ οὐκ ἔστιν ὄνομα κείμενον τὸ ἀνάλογον , ἀλλ᾿ οὐδὲν ἧττον ὁμοίως λεχθήσεται ·
412	21.14	οἷον τὸ τὸν καρπὸν μὲν ἀφιέναι σπείρειν , τὸ δὲ τὴν φλόγα ἀπὸ τοῦ ἡλίου ἀνώνυμον ·
413	21.14	ἀλλ᾿ ὁμοίως ἔχει τοῦτο πρὸς τὸν ἥλιον καὶ τὸ σπείρειν πρὸς τὸν καρπόν , διὸ εἴρηται Ἔστι δὲ τῷ τρόπῳ τούτῳ τῆς μεταφορᾶς χρῆσθαι καὶ ἄλλως , προσαγορεύσαντα τὸ ἀλλότριον ἀποφῆσαι τῶν οἰκείων τι , οἷον εἰ τὴν ἀσπίδα εἴποι φιάλην μὴ Ἄρεως ἀλλ᾿ οἴνου .
414	21.17	πεποιημένον δ᾿ ἐστὶν ὃ ὅλως μὴ καλούμενον ὑπό τινων αὐτὸς τίθεται ὁ ποιητής ·
415	21.17	δοκεῖ γὰρ ἔνια εἶναι τοιαῦτα , οἷον τὰ κέρατα ἐρνύγας καὶ τὸν ἱερέα ἀρητῆρα .
416	21.18	ἐπεκτεταμένον δ᾿ ἐστὶν ἢ ἀφῃρημένον τὸ μέν , ἐὰν φωνήεντι μακροτέρῳ κεχρημένον ᾖ τοῦ οἰκείου ἢ συλλαβῇ ἐμβεβλημένῃ , τὸ δ᾿ ἐὰν ἀφῃρημένον τι ᾖ αὐτοῦ , ἐπεκτεταμένον μὲν οἷον τὸ πόλεως πόληος καὶ τὸ Πηλείδου Πηληϊάδεω , ἀφῃρημένον δὲ οἷον τὸ κρῖ καὶ τὸ δῶ καὶ Ἐξηλλαγμένον δ᾿ ἐστίν , ὅταν τοῦ ὀνομαζομένου τὸ μὲν καταλείπῃ τὸ δὲ ποιῇ , οἷον τὸ ἀντὶ τοῦ δεξιόν .
417	21.21	αὐτῶν δὲ τῶν ὀνομάτων τὰ μὲν ἄρρενα τὰ δὲ θήλεα τὰ δὲ μεταξύ , ἄρρενα μὲν ὅσα τελευτᾷ εἰς τὸ Ν καὶ Ρ , καὶ ὅσα ἐκ τούτου ( ταῦτα δ᾿ ἐστὶ δύο , Ψ καὶ Ξ ) , θήλεα δὲ ὅσα ἐκ τῶν φωνηέντων εἴς τε τὰ ἀεὶ μακρά , οἷον εἰς Η καὶ Ω , καὶ τῶν ἐπεκτεινομένων εἰς Α ·
418	21.24	ὥστε ἴσα συμβαίνει πλήθει εἰς ὅσα τὰ ἄρρενα καὶ τὰ θήλεα ·
419	21.24	τὸ γὰρ Ψ καὶ τὸ Ξ τ- αὐτά ἐστιν .
420	21.25	εἰς δὲ ἄφωνον οὐδὲν ὄνομα τελευτᾷ , οὐδὲ εἰς φωνῆεν βραχύ .
421	21.26	εἰς δὲ τὸ Ι τρία μόνα , μέλι κόμμι πέπερι .
422	21.26	εἰς δὲ τὸ Υ πέντε , τὸ πῶϋ , τὸ νᾶπυ , τὸ γόνυ , τὸ δόρυ , τὸ ἄστυ .
423	21.26	τὰ δὲ μεταξὺ εἰς ταῦτα καὶ Ν καὶ Σ .
424	22.1	λέξεως δὲ ἀρετὴ σαφῆ καὶ μὴ ταπεινὴν εἶναι .
425	22.2	σαφεστάτη μὲν οὖν ἐστὶν ἡ ἐκ τῶν κυρίων ὀνομάτων , ἀλλὰ ταπεινή ·
426	22.2	παράδειγμα δὲ ἡ Κλεοφῶντος ποίησις καὶ ἡ Σθενέλου .
427	22.3	σεμνὴ δὲ καὶ ἐξαλλάττουσα τὸ ἰδιωτικὸν ἡ τοῖς ξενικοῖς κεχρημένη .
428	22.3	ξενικὸν δὲ λέγω γλῶτταν καὶ μεταφορὰν καὶ ἐπέκτασιν καὶ πᾶν τὸ παρὰ τὸ κύριον .
429	22.4	ἀλλ᾿ ἄν τις ἅπαντα τοιαῦτα ποιήσῃ , ἢ αἴνιγμα ἔσται ἢ βαρβαρισμός .
430	22.4	ἂν μὲν οὖν ἐκ μεταφορῶν , αἴνιγμα , ἐὰν δὲ ἐκ γλωττῶν , βαρβαρισμός .
431	22.5	αἰνίγματος γὰρ ἰδέα αὕτη ἐστί , τὸ λέγοντα ὑπάρχοντα ἀδύνατα συνάψαι .
432	22.5	κατὰ μὲν οὖν τὴν τῶν ὀνόματων σύνθεσιν οὐχ οἷόν τε τοῦτο ποιῆσαι , κατὰ δὲ τὴν μεταφορὰν ἐνδέχεται , οἷον καὶ τὰ τοιαῦτα .
433	22.6	ἐκ δὲ τῶν γλωττῶν ὁ βαρβαρισμός .
434	22.7	δεῖ ἄρα κεκρᾶσθαί πως τούτοις ·
435	22.7	τὸ μὲν γὰρ μὴ ἰδιωτικὸν ποιήσει μηδὲ ταπεινὸν ἡ γλῶττα καὶ ἡ μεταφορὰ καὶ ὁ κόσμος καὶ τ- ἄλλα τὰ εἰρημένα εἴδη , τὸ δὲ κύριον τὴν σαφήνειαν .
436	22.8	οὐκ ἐλάχιστον δὲ μέρος συμβάλλονται εἰς τὸ σαφὲς τῆς λέξεως καὶ μὴ ἰδιωτικὸν αἱ ἐπεκτάσεις καὶ ἀποκοπαὶ καὶ ἐξαλλαγαὶ τῶν ὀνομάτων ·
437	22.8	διὰ μὲν γὰρ τὸ ἄλλως ἔχειν ἢ ὡς τὸ κύριον παρὰ τὸ εἰωθὸς γιγνόμενον τὸ μὴ ἰδιωτικὸν ποιήσει , διὰ δὲ τὸ κοινωνεῖν τοῦ εἰωθότος τὸ σαφὲς ἔσται .
438	22.9	ὥστε οὐκ ὀρθῶς ψέγουσιν οἱ ἐπιτιμῶντες τῷ τοιούτῳ τρόπῳ τῆς διαλέκτου καὶ διακωμῳδοῦντες τὸν ποιητήν , οἷον Εὐκλείδης ὁ ἀρχαῖος , ὡς ῥᾴδιον ποιεῖν , εἴ τις δώσει ἐκτείνειν ἐφ᾿ ὁπόσον βούλεται , ἰαμβοποιήσας ἐν αὐτῇ τῇ λέξει ·
439	22.9	καὶ Τὸ μὲν οὖν φαίνεσθαί πως χρώμενον τούτῳ τῷ τρόπῳ γελοῖον , τὸ δὲ μέτρον κοινὸν ἁπάντων ἐστὶ τῶν μερῶν ·
440	22.11	καὶ γὰρ μεταφοραῖς καὶ γλώτταις καὶ τοῖς ἄλλοις εἴδεσι χρώμενος ἀπρεπῶς καὶ ἐπίτηδες ἐπὶ τὰ γελοῖα τὸ αὐτὸ ἂν ἀπεργάσαιτο .
441	22.12	τὸ δὲ ἁρμόττον ὅσον διαφέρει , ἐπὶ τῶν ἐπῶν θεωρείσθω , ἐντιθεμένων τῶν ὀνομάτων εἰς τὸ μέτρον .
442	22.13	καὶ ἐπὶ τῆς γλώττης δὲ καὶ ἐπὶ τῶν μεταφορῶν καὶ ἐπὶ τῶν ἄλλων ἰδεῶν μετατιθεὶς ἄν τις τὰ κύρια ὀνόματα κατίδοι ὅτι ἀληθῆ λέγομεν ·
443	22.13	οἷον τὸ αὐτὸ ποιήσαντος ἰαμβεῖον Αἰσχύλου καὶ Εὐριπίδου , ἓν δὲ μόνον ὄνομα μεταθέντος , ἀντὶ κυρίου εἰωθότος γλῶτταν , τὸ μὲν φαίνεται καλὸν τὸ δ᾿ εὐτελές .
444	22.13	Αἰσχύλος μὲν γὰρ ἐν τῷ Φιλοκτήτῃ ἐποίησε ὁ δὲ ἀντὶ τοῦ ἐσθίει τὸ θοινᾶται μετέθηκεν .
445	22.13	καὶ εἴ τις λέγοι τὰ κύρια μετατιθείς Καὶ Καὶ τὸ &quot; ἠϊόνες βοόωσιν &quot; ἠϊόνες κράζουσιν .
446	22.14	ἔτι δὲ Ἀρειφράδης τοὺς τραγῳδοὺς ἐκωμῴδει , ὅτι ἃ οὐδεὶς ἂν εἴποι ἐν τῇ διαλέκτῳ , τούτοις χρῶνται , οἷον τὸ δωμάτων ἄπο ἀλλὰ μὴ ἀπὸ δωμάτων , καὶ τὸ σέθεν , καὶ τὸ ἐγὼ δέ νιν , καὶ τὸ Ἀχιλλέως πέρι ἀλλὰ μὴ περὶ Ἀχιλλέως , καὶ ὅσα ἄλλα τοιαῦτα .
447	22.15	διὰ γὰρ τὸ μὴ εἶναι ἐν τοῖς κυρίοις ποιεῖ τὸ μὴ ἰδιωτικὸν ἐν τῇ λέξει ἅπαντα τὰ τοιαῦτα ·
448	22.15	ἐκεῖνος δὲ τοῦτο ἠγνόει .
449	22.16	ἔστι δὲ μέγα μὲν τὸ ἑκάστῳ τῶν εἰρημένων πρέπόντως χρῆσθαι , καὶ διπλοῖς ὀνόμασι καὶ γλώτταις , πολὺ δὲ μέγιστον τὸ μεταφορικὸν εἶναι .
450	22.17	μόνον γὰρ τοῦτο οὔτε παρ᾿ ἄλλου ἔστι λαβεῖν εὐφυΐας τε σημεῖόν ἐστιν ·
451	22.17	τὸ γὰρ εὖ μεταφέρειν τὸ τὸ ὅμοιον θεωρεῖν ἐστίν .
452	22.18	τῶν δ᾿ ὀνομάτων τὰ μὲν διπλᾶ μάλιστα ἁρμόττει τοῖς διθυράμβοις , αἱ δὲ γλῶτται τοῖς ἡρωϊκοῖς , αἱ δὲ μεταφοραὶ τοῖς ἰαμβείοις .
453	22.19	καὶ ἐν μὲν τοῖς ἡρωϊκοῖς ἅπαντα χρήσιμα τὰ εἰρημένα ·
454	22.19	ἐν δὲ τοῖς ἰαμβείοις , διὰ τὸ ὅτι μάλιστα λέξιν μιμεῖσθαι , ταῦτα ἁρμόττει τῶν ὀνομάτων ὅσοις κἂν ἐν λόγοις τις χρήσαιτο ·
455	22.19	ἔστι δὲ τὰ τοιαῦτα τὸ κύριον καὶ μεταφορὰ καὶ κόσμος .
456	22.20	περὶ μὲν οὖν τραγῳδίας καὶ τῆς ἐν τῷ πράττειν μιμήσεως ἔστω ἡμῖν ἱκανὰ τὰ εἰρημένα .
457	23.1	περὶ δὲ τῆς διηγηματικῆς καὶ ἐν μέτρῳ μιμητικῆς , ὅτι δεῖ τοὺς μύθους καθάπερ ἐν ταῖς τραγῳδίαις συνιστάναι δραματικούς , καὶ περὶ μίαν πρᾶξιν ὅλην καὶ τελείαν , ἔχουσαν ἀρχὴν καὶ μέσον καὶ τέλος , ἵν᾿ ὥσπερ ζῷον ἓν ὅλον ποιῇ τὴν οἰκείαν ἡδονήν , δῆλον , καὶ μὴ ὁμοίας ἱστορίας τὰς συνήθεις εἶναι , ἐν αἷς ἀνάγκη οὐχὶ μιᾶς πράξεως ποιεῖσθαι δήλωσιν ἀλλ᾿ ἑνὸς χρόνου , ὅσα ἐν τούτῳ συνέβη περὶ ἕνα ἢ πλείους , ὧν ἕκαστον ὡς ἔτυχεν ἔχει πρὸς ἄλληλα .
458	23.3	ὥσπερ γὰρ κατὰ τοὺς αὐτοὺς χρόνους ἥ τ᾿ ἐν Σαλαμῖνι ἐγένετο ναυμαχία καὶ ἡ ἐν Σικελίᾳ Καρχηδονίων μάχη , οὐδὲν πρὸς τὸ αὐτὸ συντείνουσαι τέλος , οὕτω καὶ ἐν τοῖς ἐφεξῆς χρόνοις ἐνίοτε γίνεται θάτερον μετὰ θατέρου , ἐξ ὧν ἓν οὐδὲν γίνεται τέλος .
459	23.4	σχεδὸν δὲ οἱ πολλοὶ τῶν ποιητῶν τοῦτο δρῶσιν .
460	23.5	διό , ὥσπερ εἴπομεν ἤδη , καὶ ταύτῃ θεσπέσιος ἂν φανείη Ὅμηρος παρὰ τοὺς ἄλλους , τῷ μηδὲ τὸν πόλεμον , καίπερ ἔχοντα ἀρχὴν καὶ τέλος , ἐπιχειρῆσαι ποιεῖν ὅλον ·
461	23.5	λίαν γὰρ ἂν μέγας καὶ οὐκ εὐσύνοπτος ἔμελλεν ἔσεσθαι ·
462	23.5	ἢ τῷ μεγέθει μετριάζοντα καταπεπλεγμένον τῇ ποικιλίᾳ .
463	23.5	νῦν δ᾿ ἓν μέρος ἀπολαβὼν ἐπεισοδίοις κέχρηται αὐτῶν πολλοῖς , οἷον νεῶν καταλόγῳ καὶ ἄλλοις ἐπεισοδίοις , οἷς διαλαμβάνει τὴν ποίησιν .
464	23.6	οἱ δ᾿ ἄλλοι περὶ ἕνα ποιοῦσι καὶ περὶ ἕνα χρόνον , καὶ μίαν πρᾶξιν πολυμερῆ , οἷον ὁ τὰ Κύπρια ποιήσας καὶ τὴν μικρὰν Ἰλιάδα .
465	23.7	τοιγαροῦν ἐκ μὲν Ἰλιάδος καὶ Ὀδυσσείας μία τραγῳδία ποιεῖται ἑκατέρας ἢ δύο μόναι , ἐκ δὲ Κυπρίων πολλαί , καὶ ἐκ τῆς μικρᾶς Ἰλιάδος πλέον ὀκτώ , οἷον ὅπλων κρίσις , Φιλοκτήτης , Νεοπτόλεμος , Εὐρύπυλος , πτωχεία , Λάκαιναι , Ἰλίου πέρσις καὶ ἀπόπλους καὶ Σίνων καὶ Τρῳάδες .
466	24.1	ἔτι δὲ τὰ εἴδη τ- αὐτὰ δεῖ ἔχειν τὴν ἐποποιίαν τῇ τραγῳδίᾳ ·
467	24.1	ἢ γὰρ ἁπλῆν ἢ πεπλεγμένην ἢ ἠθικὴν ἢ παθητικὴν δεῖ εἶναι .
468	24.2	καὶ τὰ μέρη ἔξω μελοποιίας καὶ ὄψεως τ- αὐτά ·
469	24.2	καὶ γὰρ περιπετειῶν δεῖ καὶ ἀναγνωρίσεων καὶ παθημάτων .
470	24.3	ἔτι τὰς διανοίας καὶ τὴν λέξιν ἔχειν καλῶς .
471	24.3	οἷς ἅπασιν Ὅμηρος κέχρηται καὶ πρῶτος καὶ ἱκανῶς .
472	24.3	καὶ γὰρ καὶ τῶν ποιημάτων ἑκάτερον συνέστηκεν ἡ μὲν Ἰλιὰς ἁπλοῦν καὶ παθητικόν , ἡ δὲ Ὀδύσσεια πεπλεγμένον ·
473	24.3	ἀναγνώρισις γὰρ διόλου καὶ ἠθική .
474	24.3	πρὸς δὲ τούτοις λέξει καὶ διανοίᾳ πάντας ὑπερβέβληκεν .
475	24.4	διαφέρει δὲ κατά τε τῆς συστάσεως τὸ μῆκος ἡ ἐποποιία καὶ τὸ μέτρον .
476	24.5	τοῦ μὲν οὖν μήκους ὅρος ἱκανὸς ὁ εἰρημένος ·
477	24.5	δύνασθαι γὰρ δεῖ συνορᾶσθαι τὴν ἀρχὴν καὶ τὸ τέλος .
478	24.5	εἴη δ᾿ ἂν τοῦτο , εἰ τῶν μὲν ἀρχαίων ἐλάττους αἱ συστάσεις εἶεν , πρὸς δὲ τὸ πλῆθος τῶν τραγῳδιῶν τῶν εἰς μίαν ἀκρόασιν τιθεμένων παρήκοιεν .
479	24.6	ἔχει δὲ πρὸς τὸ ἐπεκτείνεσθαι τὸ μέγεθος πολύ τι ἡ ἐποποιία ἴδιον διὰ τὸ ἐν μὲν τῇ τραγῳδίᾳ μὴ ἐνδέχεσθαι ἅμα πραττόμενα πολλὰ μέρη μιμεῖσθαι , ἀλλὰ τὸ ἐπὶ τῆς σκηνῆς καὶ τῶν ὑποκριτῶν μέρος μόνον ·
480	24.6	ἐν δὲ τῇ ἐποποιίᾳ , διὰ τὸ διήγησιν εἶναι , ἔστι πολλὰ μέρη ἅμα ποιεῖν περαινόμενα , ὑφ᾿ ὧν οἰκείων ὄντων αὔξεται ὁ τοῦ ποιήματος ὄγκος .
481	24.7	ὥστε τοῦτ᾿ ἔχει τὸ ἀγαθὸν εἰς μεγαλοπρέπειαν καὶ τὸ μεταβάλλειν τὸν ἀκούοντα καὶ ἐπεισοδιοῦν ἀνομοίοις ἐπεισοδίοις ·
482	24.7	τὸ γὰρ ὅμοιον ταχὺ πληροῦν ἐκπίπτειν ποιεῖ τὰς τραγῳδίας .
483	24.8	τὸ δὲ μέτρον τὸ ἡρωϊκὸν ἀπὸ τῆς πείρας ἥρμοκεν .
484	24.8	εἰ γάρ τις ἐν ἄλλῳ τινὶ μέτρῳ διηγηματικὴν μίμησιν ποιοῖτο ἢ ἐν πολλοῖς , ἀπρεπὲς ἂν φαίνοιτο ·
485	24.9	τὸ γὰρ ἡρωϊκὸν στασιμώτατον καὶ ὀγκωδέστατον τῶν μέτρων ἐστίν , διὸ καὶ γλώττας καὶ μεταφορὰς δέχεται μάλιστα ·
486	24.9	περιττὴ γὰρ καὶ ἡ διηγηματικὴ μίμησις τῶν ἄλλων .
487	24.10	τὸ δὲ ἰαμβικὸν καὶ τετράμετρον κινητικά , τὸ μὲν ὀρχηστικόν , τὸ δὲ πρακτικόν .
488	24.11	ἔτι δὲ ἀτοπώτερον εἰ μιγνύοι τις αὐτά , ὥσπερ Χαιρήμων .
489	24.12	διὸ οὐδεὶς μακρὰν σύστασιν ἐν ἄλλῳ πεποίηκεν ἢ τῷ ἡρῴῳ , ἀλλ᾿ ὥσπερ εἴπομεν , αὐτὴ ἡ φύσις διδάσκει τὸ ἁρμόττον αὐτῇ διαιρεῖσθαι .
490	24.13	Ὅμηρος δὲ ἄλλα τε πολλὰ ἄξιος ἐπαινεῖσθαι , καὶ δὴ καὶ ὅτι μόνος τῶν ποιητῶν οὐκ ἀγνοεῖ ὃ δεῖ ποιεῖν αὐτόν .
491	24.14	αὐτὸν γὰρ δεῖ τὸν ποιητὴν ἐλάχιστα λέγειν ·
492	24.14	οὐ γάρ ἐστι κατὰ ταῦτα μιμητής .
493	24.14	οἱ μὲν οὖν ἄλλοι αὐτοὶ μὲν δι᾿ ὅλου ἀγωνίζονται , μιμοῦνται δὲ ὀλίγα καὶ ὀλιγάκις ·
494	24.14	ὁ δὲ ὀλίγα φροιμιασάμενος εὐθὺς εἰσάγει ἄνδρα ἢ γυναῖκα ἢ ἄλλο τι ἦθος , καὶ οὐδὲν ἄηθες , ἀλλ᾿ ἔχοντα ἤθη .
495	24.15	δεῖ μὲν οὖν ἐν ταῖς τραγῳδίαις ποιεῖν τὸ θαυμαστόν , μᾶλλον δ᾿ ἐνδέχεται ἐν τῇ ἐποποιίᾳ τὸ ἄλογον .
496	24.15	διὸ συμβαίνει μάλιστα τὸ θαυμαστόν , διὰ τὸ μὴ ὁρᾶν εἰς τὸν πράττοντα , ἐπεὶ τὰ περὶ τὴν Ἕκτορος δίωξιν ἐπὶ σκηνῆς ὄντα γελοῖα ἂν φανείη , οἱ μὲν ἑστῶτες καὶ οὐ διώκοντες , ὁ δὲ ἀνανεύων ·
497	24.16	ἐν δὲ τοῖς ἔπεσι λανθάνει .
498	24.17	τὸ δὲ θαυμαστὸν ἡδύ ·
499	24.17	σημεῖον δέ , πάντες γὰρ προστιθέντες ἀπαγγέλλουσιν ὡς χαριζόμενοι .
500	24.18	δεδίδαχε δὲ μάλιστα Ὅμηρος καὶ τοὺς ἄλλους ψευδῆ λέγειν ὡς δεῖ .
501	24.18	ἔστι δὲ τοῦτο παραλογισμός .
502	24.18	οἴονται γὰρ ἄνθρωποι , ὅταν τουδὶ ὄντος τοδὶ ᾖ ἢ γινομένου γίνηται , εἰ τὸ ὕστερόν ἐστι , καὶ τὸ πρότερον εἶναι ἢ γίνεσθαι ·
503	24.18	τοῦτο δ᾿ ἐστὶ ψεῦδος .
504	24.18	διὸ δή , ἂν τὸ πρῶτον ψεῦδος , ἄλλου δὲ τούτου ὄντος , ἀνάγκη εἶναι ἢ γενέσθαι ἢ προσθεῖναι ·
505	24.18	διὰ γὰρ τὸ τοῦτο εἰδέναι ἀληθὲς ὄν , παραλογίζεται ἡμῶν ἡ ψυχὴ καὶ τὸ πρῶτον ὡς ὄν .
506	24.18	παράδειγμα δὲ τούτου ἐκ τῶν Νίπτρων .
507	24.19	προαιρεῖσθαί τε δεῖ ἀδύνατα εἰκότα μᾶλλον ἢ δυνατὰ ἀπίθανα ·
508	24.20	τούς τε λόγους μὴ συνίστασθαι ἐκ μερῶν ἀλόγων , ἀλλὰ μάλιστα μὲν μηδὲν ἔχειν ἄλογον , εἰ δὲ μή , ἔξω τοῦ μυθεύματος , ὥσπερ Οἰδίπους τὸ μὴ εἰδέναι πῶς ὁ Λάϊος ἀπέθανεν , ἀλλὰ μὴ ἐν τῷ δράματι , ὥσπερ ἐν Ἠλέκτρᾳ οἱ τὰ Πύθια ἀπαγγέλλοντες , ἢ ἐν Μυσοῖς ὁ ἄφωνος ἐκ Τεγέας εἰς τὴν Μυσίαν ἥκων .
509	24.21	ὥστε τὸ λέγειν ὅτι ἀνῄρητο ἂν ὁ μῦθος γελοῖον ·
510	24.21	ἐξ ἀρχῆς γὰρ οὐ δεῖ συνίστασθαι τοιούτους ·
511	24.21	ἂν δὲ θῇ , καὶ φαίνηται εὐλογώτερον , ἀποδέχεσθαι καὶ ἄτοπον , ἐπεὶ καὶ τὰ ἐν Ὀδυσσείᾳ ἄλογα τὰ περὶ τὴν ἔκθεσιν , ὡς οὐκ ἂν ἦν ἀνεκτά , δῆλον ἂν γένοιτο , εἰ αὐτὰ φαῦλος ποιητὴς ποιήσειεν ·
512	24.22	νῦν δὲ τοῖς ἄλλοις ἀγαθοῖς ὁ ποιητὴς ἀφανίζει ἡδύνων τὸ ἄτοπον .
513	24.23	τῇ δὲ λέξει δεῖ διαπονεῖν ἐν τοῖς ἀργοῖς μέρεσι καὶ μήτε ἠθικοῖς μήτε διανοητικοῖς ·
514	24.23	ἀποκρύπτει γὰρ πάλιν ἡ λίαν λαμπρὰ λέξις τά τε ἤθη καὶ τὰς διανοίας .
515	25.1	περὶ δὲ προβλημάτων καὶ λύσεων , ἐκ πόσων τε καὶ ποίων ἂν εἰδῶν εἴη , ὧδ᾿ ἂν θεωροῦσι γένοιτ᾿ ἂν φανερόν .
516	25.2	ἐπεὶ γάρ ἐστι μιμητὴς ὁ ποιητής , ὥσπερ ἂν εἰ ζωγράφος ἤ τις ἄλλος εἰκονοποιός , ἀνάγκη μιμεῖσθαι τριῶν ὄντων τὸν ἀριθμὸν ἕν τι ἀεί ·
517	25.2	ἢ γὰρ οἷα ἦν ἢ ἔστιν , ἢ οἷα φασὶ καὶ δοκεῖ , ἢ οἷα εἶναι δεῖ .
518	25.3	ταῦτα δ᾿ ἐξαγγέλλεται λέξει ἢ καὶ γλώτταις καὶ μεταφοραῖς .
519	25.3	καὶ πολλὰ πάθη τῆς λέξεώς ἐστιν ·
520	25.4	δίδομεν γὰρ ταῦτα τοῖς ποιηταῖς .
521	25.4	πρὸς δὲ τούτοις οὐχ ἡ αὐτὴ ὀρθότης ἐστὶ τῆς πολιτικῆς καὶ τῆς ποιητικῆς , οὐδὲ ἄλλης τέχνης καὶ ποιητικῆς .
522	25.5	αὐτῆς δὲ τῆς ποιητικῆς διττὴ ἢ ἁμαρτία ·
523	25.5	ἡ μὲν γὰρ καθ᾿ αὑτήν , ἡ δὲ κατὰ συμβεβηκός .
524	25.6	εἰ μὲν γὰρ προείλετο μιμήσασθαι ἀδυναμίαν , αὐτῆς ἡ ἁμαρτία ·
525	25.6	εἰ δὲ τὸ προελέσθαι μὴ ὀρθῶς , ἀλλὰ τὸν ἵππον ἄμφω τὰ δεξιὰ προβεβληκότα ἢ τὸ καθ᾿ ἑκάστην τέχνην ἁμάρτημα , οἷον τὸ κατ᾿ ἰατρικὴν ἢ ἄλλην τέχνην , ἣ ἀδύνατα πεποίηται , ὁποιανοῦν , οὐ καθ᾿ ἑαυτήν .
526	25.7	ὥστε δεῖ τὰ ἐπιτιμήματα ἐν τοῖς προβλήμασιν ἐκ τούτων ἐπισκοποῦντα λύειν .
527	25.7	πρῶτον μέν , ἂν τὰ πρὸς αὐτὴν τὴν τέχνην ἀδύνατα πεποίηται , ἡμάρτηται .
528	25.8	ἀλλ᾿ ὀρθῶς ἔχει , εἰ τυγχάνει τοῦ τέλους τοῦ αὑτῆς ·
529	25.8	τὸ γὰρ τέλος εἴρηται , εἰ οὕτως ἐκπληκτικώτερον ἢ αὐτὸ ἢ ἄλλο ποιεῖ μέρος .
530	25.8	παράδειγμα ἡ τοῦ Ἕκτορος δίωξις .
531	25.9	εἰ μέντοι τὸ τέλος ἢ μᾶλλον ἢ ἧττον ἐνεδέχετο ὑπάρχειν καὶ κατὰ τὴν περὶ τούτων τέχνην , ἡμάρτηται οὐκ ὀρθῶς ·
532	25.9	δεῖ γάρ , εἰ ἐνδέχεται , ὅλως μηδαμῇ ἡμαρτῆσθαι .
533	25.10	ἔτι ποτέρων ἐστὶ τὸ ἁμάρτημα , τῶν κατὰ τὴν τέχνην ἢ κατ᾿ ἄλλο συμβεβηκός ;
534	25.10	ἔλαττον γάρ , εἰ μὴ ᾔδει ὅτι ἔλαφος θήλεια κέρατα οὐκ ἔχει , ἢ εἰ κακομιμήτως ἔγραψεν .
535	25.11	πρὸς δὲ τούτοις ἐὰν ἐπιτιμᾶται ὅτι οὐκ ἀληθῆ , ἀλλ᾿ οἷα δεῖ , οἷον καὶ Σοφοκλῆς ἔφη αὐτὸς μὲν οἵους δεῖ ποιεῖν , Εὐριπίδην δὲ οἷοι εἰσί , ταύτῃ λυτέον .
536	25.12	εἰ δὲ μηδετέρως , ὅτι οὕτω φασίν , οἷον τὰ περὶ θεῶν .
537	25.13	ἴσως γὰρ οὔτε βέλτιον οὕτω λέγειν οὔτ᾿ ἀληθῆ , ἀλλ᾿ ἔτυχεν ὥσπερ Ξενοφάνης ·
538	25.13	ἀλλ᾿ οὔ φασι τάδε .
539	25.14	ἴσως δὲ οὐ βέλτιον μέν , ἀλλ᾿ οὕτως εἶχεν , οἷον τὰ περὶ τῶν ὅπλων , οὕτω γὰρ τότ᾿ ἐνόμιζον , ὥσπερ καὶ νῦν Ἰλλυριοί .
540	25.15	περὶ δὲ τοῦ καλῶς ἢ μὴ καλῶς ἢ εἴρηταί τινι ἢ πέπρακται , οὐ μόνον σκεπτέον εἰς αὐτὸ τὸ πεπραγμένον ἢ εἰρημένον βλέποντα , εἰ σπουδαῖον ἢ φαῦλον , ἀλλὰ καὶ εἰς τὸν πράττοντα ἢ λέγοντα πρὸς ὃν ἢ ὅτε ἢ ὅτῳ ἢ οὗ ἕνεκεν , οἷον ἢ μείζονος ἀγαθοῦ , ἵνα γένηται , ἢ μείζονος κακοῦ , ἵνα ἀπογένηται .
541	25.16	τὰ δὲ πρὸς τὴν λέξιν ὁρῶντα δεῖ διαλύειν , οἷον γλώττῃ ἴσως γὰρ οὐ τοὺς ἡμιόνους λέγει ἀλλὰ τοὺς φύλακας .
542	25.16	καὶ τὸν Δόλωνα οὐ τὸ σῶμα ἀσύμμετρον , ἀλλὰ τὸ πρόσωπον αἰσχρόν ·
543	25.16	τὸ γὰρ εὐειδὲς οἱ Κρῆτες εὐπρόσωπον καλοῦσιν .
544	25.16	καὶ τὸ οὐ τὸ ἄκρατον ὡς οἰνόφλυξιν , ἀλλὰ τὸ θᾶττον .
545	25.17	τὸ δὲ κατὰ μεταφορὰν εἴρηται , οἷον ἅμα δέ φησιν Τὸ γὰρ πάντες ἀντὶ τοῦ πολλοὶ κατὰ μεταφορὰν εἴρηται ·
546	25.17	τὸ γὰρ πᾶν πολύ τι .
547	25.17	καὶ τὸ κατὰ μεταφοράν ·
548	25.17	τὸ γὰρ γνωριμώτατον μόνον .
549	25.18	κατὰ δὲ προσῳδίαν , ὥσπερ Ἱππίας ἔλυεν ὁ Θάσιος τὸ καὶ Τὰ δὲ διαιρέσει , οἷον Ἐμπεδοκλῆς Τὰ δὲ ἀμφιβολίᾳ , τὸ γὰρ πλέων ἀμφίβολόν ἐστιν .
550	25.21	τὰ δὲ κατὰ τὸ ἔθος τῆς λέξεως , οἷον τὸν κεκραμένον οἶνόν φασιν εἶναι , ὅθεν πεποίηται καὶ χαλκέας τοὺς τὸν σίδηρον ἐργαζομένους , ὅθεν εἴρηται ὁ Γανυμήδης Διὶ οἰνοχοεύειν , οὐ πινόντων οἶνον .
551	25.21	εἴη δ᾿ ἂν τοῦτό γε κατὰ μεταφοράν .
552	25.22	δεῖ δὲ καὶ ὅταν ὄνομά τι ὑπεναντίωμά τι δοκῇ σημαίνειν , ἐπισκοπεῖν ποσαχῶς ἂν σημήνειε τοῦτο ἐν τῷ εἰρημένῳ , οἷον τῷ ταύτῃ κωλυθῆναι .
553	25.23	τὸ δὲ ποσαχῶς ἐνδέχεται ὡδί πως μάλιστ᾿ ἄν τις ὑπολάβοι κατὰ τὴν καταντικρὺ ἢ ὡς Γλαύκων λέγει , ὅτι ἔνιοι ἀλόγως προϋπολαμβάνουσι , καὶ αὐτοὶ καταψηφισάμενοι συλλογίζονται , καὶ ὡς εἰρηκότες ὅτι δοκεῖ ἐπιτιμῶσιν , ἂν ὑπεναντίον ᾖ τῇ αὐτῶν οἰήσει .
554	25.25	τοῦτο δὲ πέπονθε τὰ περὶ Ἰκάριον .
555	25.25	οἴονται γὰρ αὐτὸν Λάκωνα εἶναι ·
556	25.25	ἄτοπον οὖν τὸ μὴ ἐντυχεῖν τὸν Τηλέμαχον αὐτῷ εἰς Λακεδαίμονα ἐλθόντα .
557	25.25	τὸ δ᾿ ἴσως ἔχει ὥσπερ οἱ Κεφαλῆνές φασιν ·
558	25.25	παρ᾿ αὑτῶν γὰρ γῆμαι λέγουσι τὸν Ὀδυσσέα , καὶ εἶναι Ἰκάδιον ἀλλ᾿ οὐκ Ἰκάριον .
559	25.25	διαμάρτημα δὲ τὸ πρόβλημα εἰκός ἐστιν .
560	25.26	ὅλως δὲ τὸ ἀδύνατον μὲν ἢ πρὸς τὴν ποίησιν ἢ πρὸς τὸ βέλτιον ἢ πρὸς τὴν δόξαν δεῖ ἀνάγειν .
561	25.27	πρός τε γὰρ τὴν ποίησιν αἱρετώτερον πιθανὸν ἀδύνατον ἢ ἀπίθανον καὶ δυνατόν ·
562	25.27	τοιούτους δ᾿ εἶναι οἵους Ζεῦξις ἔγραφεν .
563	25.28	ἀλλὰ καὶ πρὸς τὸ βέλτιον ·
564	25.28	τὸ γὰρ παράδειγμα δεῖ ὑπερέχειν πρὸς ἅ φασι τ- ἄλογα .
565	25.29	οὕτω τε καὶ ὅτι ποτὲ οὐκ ἄλογόν ἐστιν ·
566	25.29	εἰκὸς γὰρ καὶ παρὰ τὸ εἰκὸς γίνεσθαι .
567	25.30	τὰ δ᾿ ὑπεναντία ὡς εἰρημένα οὕτω σκοπεῖν , ὥσπερ οἱ ἐν τοῖς λόγοις ἔλεγχοι , εἰ τὸ αὐτὸ καὶ πρὸς τὸ αὐτὸ καὶ ὡσαύτως , ὥστε καὶ αὐτὸν ἢ πρὸς ἃ αὐτὸς λέγει ἢ ὃ ἂν φρόνιμος ὑποθῆται .
568	25.31	ὀρθὴ δ᾿ ἐπιτίμησις καὶ ἀλογία καὶ μοχθηρία , ὅταν μὴ ἀνάγκης οὔσης μηδὲν χρήσηται τῷ ἀλόγῳ , ὥσπερ Εὐριπίδης τῷ Αἰγεῖ , ἢ τῇ πονηρίᾳ , ὥσπερ ἐν Ὀρέστῃ τοῦ Μενελάου .
569	25.32	τὰ μὲν οὖν ἐπιτιμήματα ἐκ πέντε εἰδῶν φέρουσιν ·
570	25.32	ἢ γὰρ ὡς ἀδύνατα ἢ ὡς ἄλογα ἢ ὡς βλαβερὰ ἢ ὡς ὑπεναντία ἢ ὡς παρὰ τὴν ὀρθότητα τὴν κατὰ τέχνην ·
571	25.32	αἱ δὲ λύσεις ἐκ τῶν εἰρημένων ἀριθμῶν σκεπτέαι , εἰσὶ δὲ δώδεκα .
572	26.1	πότερον δὲ βελτίων ἡ ἐποποιικὴ μίμησις ἢ ἡ τραγική , διαπορήσειεν ἄν τις .
573	26.2	εἰ γὰρ ἡ ἦττον φορτικὴ βελτίων , τοιαύτη δ᾿ ἡ πρὸς βελτίους θεατάς ἐστι , δῆλον ὅτι ἡ ἅπαντα μιμουμένη φορτική .
574	26.3	ὡς γὰρ οὐκ αἰσθανομένων , ἂν μὴ αὐτὸς προσθῇ , πολλὴν κίνησιν κινοῦνται , οἷον οἱ φαῦλοι αὐληταὶ κυλιόμενοι , ἂν δίσκον δέῃ μιμεῖσθαι , καὶ ἕλκοντες τὸν κορυφαῖον , ἂν Σκύλλαν αὐλῶσιν .
575	26.4	ἡ μὲν οὖν τραγῳδία τοιαύτη ἐστίν , ὡς καὶ οἱ πρότερον τοὺς ὑστέρους αὐτῶν ᾤοντο ὑποκριτάς ·
576	26.4	ὡς λίαν γὰρ ὑπερβάλλοντα , πίθηκον ὁ Μυνίσκος τὸν Καλλιππίδην ἐκάλει .
577	26.4	τοιαύτη δὲ δόξα καὶ περὶ Πινδάρου ἦν .
578	26.4	ὡς δ᾿ οὗτοι ἔχουσι πρὸς αὐτούς , ἡ ὅλη τέχνη πρὸς τὴν ἐποποιίαν ἔχει .
579	26.5	τὴν μὲν οὖν πρὸς θεατὰς ἐπιεικεῖς φασὶν εἶναι , διὸ οὐδὲν δέονται τῶν σχημάτων , τὴν δὲ τραγικὴν πρὸς φαύλους .
580	26.6	ἡ οὖν φορτικὴ χείρων δῆλον ὅτι ἂν εἴη .
581	26.6	πρῶτον μὲν οὐ τῆς ποιητικῆς ἡ κατηγορία ἀλλὰ τῆς ὑποκριτικῆς , ἐπεὶ ἔστι περιεργάζεσθαι τοῖς σημείοις καὶ ῥαψῳδοῦντα , ὅπερ ἐποίει Σωσίστρατος , καὶ διᾴδοντα , ὅπερ ἐποίει Μνασίθεος Ὀπούντιος .
582	26.7	εἶτα οὐδὲ κίνησις ἅπασα ἀποδοκιμαστέα , εἴπερ μηδ᾿ ὄρχησις , ἀλλ᾿ ἡ φαύλων , ὅπερ καὶ Καλλιππίδῃ ἐπετιμᾶτο καὶ νῦν ἄλλοις , ὡς οὐκ ἐλευθέρας γυναῖκας μιμουμένων .
583	26.8	ἔτι ἡ τραγῳδία καὶ ἄνευ κινήσεως ποιεῖ τὸ αὑτῆς , ὥσπερ ἡ ἐποποιία ·
584	26.8	διὰ γὰρ τοῦ ἀναγινώσκειν φανερὰ ὁποία τις ἐστίν .
585	26.8	εἰ οὖν ἐστὶ τ- ἄλλα κρείττων , τοῦτό γε οὐκ ἀναγκαῖον αὐτῇ ὑπάρχειν .
586	26.9	ἔπειτα διότι πάντ᾿ ἔχει ὅσαπερ ἡ ἐποποιία ·
587	26.10	καὶ γὰρ τῷ μέτρῳ ἔξεστι χρῆσθαι , καὶ ἔτι οὐ μικρὸν μέρος τὴν μουσικὴν καὶ τὴν ὄψιν ἔχει , δι᾿ ἧς αἱ ἡδοναὶ συνίστανται ἐναργέστατα .
588	26.11	εἶτα καὶ τὸ ἐναργὲς ἔχει καὶ ἐν τῇ ἀναγνωρίσει καὶ ἐπὶ τῶν ἔργων .
589	26.11	ἔτι τῷ ἐν ἐλάττονι μήκει τὸ τέλος τῆς μιμήσεως εἶναι ·
590	26.11	τὸ γὰρ ἀθροώτερον ἥδιον ἢ πολλῷ κεκραμένον τῷ χρόνῳ , λέγω δὲ οἷον εἴ τις τὸν Οἰδίπουν θείη τὸν Σοφοκλέους ἐν ἔπεσιν ὅσοις ἡ Ἰλιάς .
591	26.13	ἔτι ἧττον μία ὁποιαοῦν μίμησις ἡ τῶν ἐποποιῶν .
592	26.13	σημεῖον δέ ·
593	26.13	ἐκ γὰρ ὁποιασοῦν μιμήσεως πλείους τραγῳδίαι γίνονται .
594	26.13	ὥστ᾿ ἐὰν μὲν ἕνα μῦθον ποιῶσιν , ἀνάγκη ἢ βραχέα δεικνύμενον μύουρον φαίνεσθαι , ἢ ἀκολουθοῦντα τῷ τοῦ μέτρου μήκει ὑδαρῆ .
595	26.13	ἐὰν δὲ πλείους , λέγω δὲ οἷον ἐὰν ἐκ πλειόνων πράξεων ᾖ συγκειμένη , οὐ μία , ὥσπερ ἡ Ἰλιὰς ἔχει πολλὰ τοιαῦτα μέρη καὶ ἡ Ὀδύσσεια , ἃ καὶ καθ᾿ ἑαυτὰ ἔχει μέγεθος ·
596	26.14	καίτοι ταῦτα τὰ ποιήματα συνέστηκεν ὡς ἐνδέχεται ἄριστα , καὶ ὅτι μάλιστα μιᾶς πράξεως μίμησίς ἐστιν .
597	26.15	εἰ οὖν τούτοις τε διαφέρει πᾶσι καὶ ἔτι τῷ τῆς τέχνης ἔργῳ ( δεῖ γὰρ οὐ τὴν τυχοῦσαν ἡδονὴν ποιεῖν αὐτὰς ἀλλὰ τὴν εἰρημένην ) , φανερὸν ὅτι κρείττων ἂν εἴη μᾶλλον τοῦ τέλους τυγχάνουσα τῆς ἐποποιίας .
598	26.16	περὶ μὲν οὖν τραγῳδίας καὶ ἐποποιίας , καὶ αὐτῶν καὶ τῶν εἰδῶν καὶ τῶν μερῶν αὐτῶν , καὶ πόσα καὶ τί διαφέρει , καὶ τοῦ εὖ ἢ μὴ τίνες αἰτίαι , καὶ περὶ ἐπιτιμήσεων καὶ λύσεων εἰρήσθω τοσαῦτα .
